"Policy","Rule_name","mean.wait","sd.wait","mean.OT","sd.OT","mean.Idle","sd.Idle","excess.wait.rate","extreme.wait.rate","excess.OT.rate","extreme.OT.rate"
"1,2,3,4,5,6,7,8,9,10,11,12,13;B","BBBBBBBBBBBBBCCC",5.10908270833333,2.15628357960051,3.477745,8.30113813943435,33.192335,18.3159503230035,11.5575,0.693125,2.36,0.7
"1,2,3,4,5,6,7,8,9,10,11,12,14;B","BBBBBBBBBBBBCBCC",5.010085,2.06009689210151,3.57197833333333,8.34823606828733,33.374675,18.3208913238484,11.246875,0.665,2.4,0.7
"1,2,3,4,5,6,7,8,9,10,11,12,15;B","BBBBBBBBBBBBCCBC",4.92238010416667,2.04601792551074,3.802195,8.43058301097649,33.8727933333333,18.3774928307369,10.99,0.6375,2.48,0.7
"1,2,3,4,5,6,7,8,9,10,11,12,16;B","BBBBBBBBBBBBCCCB",4.81412583333333,2.0832007549656,4.35107,8.55226362359813,35.5012933333333,18.8083957926083,10.77125,0.624375,2.57,0.7
"1,2,3,4,5,6,7,8,9,10,11,13,14;B","BBBBBBBBBBBCBBCC",4.93148125,1.98433499992758,3.659695,8.40281093061626,33.5306383333333,18.31659606236,10.99625,0.631875,2.47,0.7
"1,2,3,4,5,6,7,8,9,10,11,13,15;B","BBBBBBBBBBBCBCBC",4.83592760416667,1.95158124540105,3.87842,8.47662897256834,33.9982866666667,18.3735247763122,10.71625,0.60375,2.53,0.7
"1,2,3,4,5,6,7,8,9,10,11,13,16;B","BBBBBBBBBBBCBCCB",4.7253309375,1.97981467890501,4.41486166666667,8.58992161395988,35.5893083333333,18.7927376139256,10.4925,0.59,2.61,0.7
"1,2,3,4,5,6,7,8,9,10,11,14,15;B","BBBBBBBBBBBCCBBC",4.7696028125,1.94347130547738,4.05039833333333,8.58108988425659,34.3152966666667,18.4108947321605,10.54,0.57375,2.58,0.72
"1,2,3,4,5,6,7,8,9,10,11,14,16;B","BBBBBBBBBBBCCBCB",4.653316875,1.95173673249815,4.56352,8.67045415306807,35.81529,18.7919411267149,10.295,0.56,2.65,0.72
"1,2,3,4,5,6,7,8,9,10,11,15,16;B","BBBBBBBBBBBCCCBB",4.58329333333333,1.97146841584633,4.92899166666667,8.84033856520293,36.362275,18.8702581995214,10.11375,0.545,2.75,0.76
"1,2,3,4,5,6,7,8,9,10,12,13,14;B","BBBBBBBBBBCBBBCC",4.8637534375,1.92591656241178,3.751325,8.48329294412542,33.66097,18.2995499507728,10.84,0.601875,2.51,0.7
"1,2,3,4,5,6,7,8,9,10,12,13,15;B","BBBBBBBBBBCBBCBC",4.7650378125,1.87712161908053,3.966465,8.55375793620898,34.11665,18.3532069107555,10.549375,0.573125,2.57,0.7
"1,2,3,4,5,6,7,8,9,10,12,13,16;B","BBBBBBBBBBCBBCCB",4.65321625,1.89548315327376,4.495965,8.65858837774124,35.6880733333333,18.7692132014678,10.310625,0.558125,2.65,0.7
"1,2,3,4,5,6,7,8,9,10,12,14,15;B","BBBBBBBBBBCBCBBC",4.69173479166667,1.85281476365145,4.13037833333333,8.64753581502898,34.4198016666667,18.391570534943,10.3475,0.540625,2.61,0.72
"1,2,3,4,5,6,7,8,9,10,12,14,16;B","BBBBBBBBBBCBCBCB",4.57439260416667,1.84979463453719,4.636265,8.73152427804352,35.902895,18.7710100718516,10.093125,0.52625,2.68,0.72
"1,2,3,4,5,6,7,8,9,10,12,15,16;B","BBBBBBBBBBCBCCBB",4.50177083333333,1.86270627509794,4.993645,8.89415407978678,36.438025,18.849610534379,9.901875,0.51125,2.78,0.76
"1,2,3,4,5,6,7,8,9,10,13,14,15;B","BBBBBBBBBBCCBBBC",4.64170114583333,1.85601796522542,4.28267666666667,8.77078994098321,34.6491883333333,18.3672211309279,10.2125,0.5225,2.69,0.75
"1,2,3,4,5,6,7,8,9,10,13,14,16;B","BBBBBBBBBBCCBBCB",4.52136875,1.83503752925933,4.77087333333333,8.84083251499165,36.0844383333333,18.7423187846318,9.94375,0.5075,2.76,0.75
"1,2,3,4,5,6,7,8,9,10,13,15,16;B","BBBBBBBBBBCCBCBB",4.43980552083333,1.8330201355887,5.10898333333333,8.98182096728101,36.58792,18.8193125539664,9.71875,0.490625,2.86,0.78
"1,2,3,4,5,6,7,8,9,10,14,15,16;B","BBBBBBBBBBCCCBBB",4.39333354166667,1.85467532724462,5.37647833333333,9.15768465825436,36.9511866666667,18.8318799101631,9.58,0.475,3.03,0.81
"1,2,3,4,5,6,7,8,9,11,12,13,14;B","BBBBBBBBBCBBBBCC",4.81421552083333,1.89145740662813,3.84986166666667,8.58127677341607,33.7991283333333,18.2557959185811,10.674375,0.583125,2.58,0.74
"1,2,3,4,5,6,7,8,9,11,12,13,15;B","BBBBBBBBBCBBBCBC",4.71277958333333,1.82685396016206,4.061475,8.6472750621143,34.2453916666667,18.3129286120134,10.376875,0.551875,2.64,0.74
"1,2,3,4,5,6,7,8,9,11,12,13,16;B","BBBBBBBBBCBBBCCB",4.5993503125,1.83487904839904,4.58319,8.74345657267736,35.7910916666667,18.7289158910487,10.134375,0.536875,2.72,0.74
"1,2,3,4,5,6,7,8,9,11,12,14,15;B","BBBBBBBBBCBBCBBC",4.63457635416667,1.78678851113161,4.21804166666667,8.73201805655346,34.5370616666667,18.350824990979,10.169375,0.5175,2.68,0.76
"1,2,3,4,5,6,7,8,9,11,12,14,16;B","BBBBBBBBBCBBCBCB",4.51589822916667,1.77191450108334,4.71755666666667,8.80819436490989,35.99878,18.7321655559159,9.913125,0.503125,2.75,0.76
"1,2,3,4,5,6,7,8,9,11,12,15,16;B","BBBBBBBBBCBBCCBB",4.44085729166667,1.77705069534482,5.06841666666667,8.96267241572666,36.5263616666667,18.8113981940755,9.710625,0.4875,2.84,0.8
"1,2,3,4,5,6,7,8,9,11,13,14,15;B","BBBBBBBBBCBCBBBC",4.57640895833333,1.77418698110815,4.35987666666667,8.8447477834156,34.75331,18.3310351182504,10.014375,0.496875,2.74,0.78
"1,2,3,4,5,6,7,8,9,11,13,14,16;B","BBBBBBBBBCBCBBCB",4.45494322916667,1.74007845427456,4.843355,8.9086237281314,36.1704266666667,18.7079861694098,9.75,0.4825,2.81,0.78
"1,2,3,4,5,6,7,8,9,11,13,15,16;B","BBBBBBBBBCBCBCBB",4.37149947916667,1.72839873993315,5.17672,9.04527522877102,36.6679716666667,18.785518561321,9.51375,0.465625,2.9,0.81
"1,2,3,4,5,6,7,8,9,11,14,15,16;B","BBBBBBBBBCBCCBBB",4.32155072916667,1.74433508867143,5.43836166666667,9.21728657787124,37.0232583333333,18.8005745528119,9.3625,0.45125,3.06,0.84
"1,2,3,4,5,6,7,8,9,12,13,14,15;B","BBBBBBBBBCCBBBBC",4.5451553125,1.79511334053965,4.51833,8.98424736618094,34.971675,18.2776907339098,9.904375,0.480625,2.88,0.82
"1,2,3,4,5,6,7,8,9,12,13,14,16;B","BBBBBBBBBCCBBBCB",4.42102541666667,1.74330892828908,4.98528666666667,9.0356966871131,36.346165,18.655689439473,9.6275,0.466875,2.93,0.82
"1,2,3,4,5,6,7,8,9,12,13,15,16;B","BBBBBBBBBCCBBCBB",4.33234666666667,1.71552056106648,5.30718,9.16203945757057,36.8249533333333,18.7307858709363,9.388125,0.449375,3.03,0.85
"1,2,3,4,5,6,7,8,9,12,14,15,16;B","BBBBBBBBBCCBCBBB",4.27346072916667,1.71711168956973,5.55514,9.32100605420107,37.1614883333333,18.746880722453,9.21625,0.433125,3.2,0.86
"1,2,3,4,5,6,7,8,9,13,14,15,16;B","BBBBBBBBBCCCBBBB",4.2404040625,1.75092699538685,5.77756666666667,9.49430708893135,37.4328683333333,18.7222112769226,9.115,0.424375,3.36,0.92
"1,2,3,4,5,6,7,8,10,11,12,13,14;B","BBBBBBBBCBBBBBCC",4.77299739583333,1.87775157164221,3.92506166666667,8.66354928769836,33.9080033333333,18.2125853066166,10.531875,0.55375,2.68,0.74
"1,2,3,4,5,6,7,8,10,11,12,13,15;B","BBBBBBBBCBBBBCBC",4.669413125,1.80017734251326,4.13164166666667,8.72581765922773,34.3445366666667,18.2733989198786,10.231875,0.52375,2.74,0.74
"1,2,3,4,5,6,7,8,10,11,12,13,16;B","BBBBBBBBCBBBBCCB",4.5550096875,1.79924381219231,4.64903166666667,8.81708601848483,35.87465,18.6872612203436,9.985625,0.509375,2.82,0.74
"1,2,3,4,5,6,7,8,10,11,12,14,15;B","BBBBBBBBCBBBCBBC",4.588115,1.747127453884,4.28408833333333,8.80728152349474,34.62992,18.3137898622007,10.011875,0.4875,2.78,0.76
"1,2,3,4,5,6,7,8,10,11,12,14,16;B","BBBBBBBBCBBBCBCB",4.468590625,1.72198681729026,4.780525,8.87931225275202,36.0780983333333,18.6929202041907,9.751875,0.47375,2.85,0.76
"1,2,3,4,5,6,7,8,10,11,12,15,16;B","BBBBBBBBCBBBCCBB",4.39130791666667,1.72007084383781,5.127395,9.02837017528016,36.5967383333333,18.7755408750185,9.54625,0.4575,2.94,0.8
"1,2,3,4,5,6,7,8,10,11,13,14,15;B","BBBBBBBBCBBCBBBC",4.52509104166667,1.72033083084404,4.42050166666667,8.91669128364252,34.8384666666667,18.2965892875075,9.8425,0.465625,2.83,0.78
"1,2,3,4,5,6,7,8,10,11,13,14,16;B","BBBBBBBBCBBCBBCB",4.402765,1.67478114185495,4.90151,8.9768038588716,36.2418183333333,18.6720101484657,9.575625,0.451875,2.9,0.78
"1,2,3,4,5,6,7,8,10,11,13,15,16;B","BBBBBBBBCBBCBCBB",4.31743458333333,1.65429399983067,5.23210333333333,9.10857506790955,36.7330116666667,18.7511955231274,9.335625,0.435,2.99,0.81
"1,2,3,4,5,6,7,8,10,11,14,15,16;B","BBBBBBBBCBBCCBBB",4.26559,1.66403979496341,5.490845,9.27790326506942,37.08296,18.7661162816091,9.1825,0.421875,3.15,0.84
"1,2,3,4,5,6,7,8,10,12,13,14,15;B","BBBBBBBBCBCBBBBC",4.48345072916667,1.72671877535753,4.57209333333333,9.04494818448701,35.0457616666667,18.2483279885696,9.72,0.44875,2.95,0.82
"1,2,3,4,5,6,7,8,10,12,13,14,16;B","BBBBBBBBCBCBBBCB",4.35856010416667,1.6620677682124,5.03575333333333,9.0929280182052,36.40808,18.6241380384833,9.43875,0.435,3,0.82
"1,2,3,4,5,6,7,8,10,12,13,15,16;B","BBBBBBBBCBCBBCBB",4.26829302083333,1.62385880176,5.35503666666667,9.21408791026193,36.8811333333333,18.7008752094662,9.194375,0.4175,3.1,0.85
"1,2,3,4,5,6,7,8,10,12,14,15,16;B","BBBBBBBBCBCBCBBB",4.2078459375,1.61775591781526,5.60027833333333,9.36850884977633,37.2134866666667,18.7166993049225,9.01625,0.4025,3.27,0.86
"1,2,3,4,5,6,7,8,10,13,14,15,16;B","BBBBBBBBCBCCBBBB",4.17167270833333,1.64724401280519,5.81890666666667,9.53875105286084,37.480795,18.6933975155264,8.901875,0.393125,3.43,0.92
"1,2,3,4,5,6,7,8,11,12,13,14,15;B","BBBBBBBBCCBBBBBC",4.46205916666667,1.76296119857535,4.691585,9.13122909671536,35.20517,18.1961396302366,9.624375,0.441875,3.01,0.83
"1,2,3,4,5,6,7,8,11,12,13,14,16;B","BBBBBBBBCCBBBBCB",4.33510625,1.68539266332272,5.14086,9.17255601326912,36.5344916666667,18.5762909552935,9.3325,0.426875,3.06,0.83
"1,2,3,4,5,6,7,8,11,12,13,15,16;B","BBBBBBBBCCBBBCBB",4.2420040625,1.63395104895533,5.452675,9.28787230726279,36.996925,18.6575170323057,9.08125,0.406875,3.17,0.86
"1,2,3,4,5,6,7,8,11,12,14,15,16;B","BBBBBBBBCCBBCBBB",4.17599822916667,1.61335177693905,5.68919166666667,9.4358246014072,37.3176283333333,18.6758868160712,8.895625,0.388125,3.34,0.87
"1,2,3,4,5,6,7,8,11,13,14,15,16;B","BBBBBBBBCCBCBBBB",4.13280010416667,1.62824879323331,5.90723,9.59880139411677,37.5841266666667,18.647660036518,8.7775,0.37625,3.5,0.92
"1,2,3,4,5,6,7,8,12,13,14,15,16;B","BBBBBBBBCCCBBBBB",4.12118625,1.67787203099017,6.09285333333333,9.73064566913913,37.8063233333333,18.5996097019148,8.721875,0.37125,3.56,0.98
"1,2,3,4,5,6,7,9,10,11,12,13,14;B","BBBBBBBCBBBBBBCC",4.74140614583333,1.8844728162138,4.004735,8.74541096143553,34.009585,18.1556292023057,10.4325,0.54375,2.7,0.78
"1,2,3,4,5,6,7,9,10,11,12,13,15;B","BBBBBBBCBBBBBCBC",4.63663208333333,1.79683123145756,4.20949666666667,8.80473218595722,34.4421466666667,18.2154884005718,10.124375,0.514375,2.76,0.78
"1,2,3,4,5,6,7,9,10,11,12,13,16;B","BBBBBBBCBBBBBCCB",4.52133166666667,1.78739975334811,4.72197833333333,8.89146289130377,35.9579083333333,18.6308705238173,9.86875,0.499375,2.84,0.78
"1,2,3,4,5,6,7,9,10,11,12,14,15;B","BBBBBBBCBBBBCBBC",4.55293239583333,1.73308619774752,4.35915,8.88332485372898,34.72273,18.2562059350102,9.901875,0.4775,2.8,0.8
"1,2,3,4,5,6,7,9,10,11,12,14,16;B","BBBBBBBCBBBBCBCB",4.43258145833333,1.69838117156427,4.85089833333333,8.95123086239808,36.1576833333333,18.6382776864444,9.631875,0.463125,2.87,0.8
"1,2,3,4,5,6,7,9,10,11,12,15,16;B","BBBBBBBCBBBBCCBB",4.35419145833333,1.68962476974589,5.19460333333333,9.09671090754053,36.671865,18.7222689302353,9.4225,0.44625,2.96,0.84
"1,2,3,4,5,6,7,9,10,11,13,14,15;B","BBBBBBBCBBBCBBBC",4.48664197916667,1.69445865136247,4.49106166666667,8.98950912856333,34.925695,18.2424934420924,9.72125,0.455,2.85,0.82
"1,2,3,4,5,6,7,9,10,11,13,14,16;B","BBBBBBBCBBBCBBCB",4.3635640625,1.63831476955166,4.968065,9.04609012977398,36.3170166666667,18.6202454813903,9.444375,0.440625,2.92,0.82
"1,2,3,4,5,6,7,9,10,11,13,15,16;B","BBBBBBBCBBBCBCBB",4.27739364583333,1.60958519699138,5.29610333333333,9.17467880213986,36.8044233333333,18.700477602289,9.201875,0.423125,3.01,0.85
"1,2,3,4,5,6,7,9,10,11,14,15,16;B","BBBBBBBCBBBCCBBB",4.2244578125,1.61354848763981,5.55287833333333,9.34006711167336,37.1514916666667,18.7166741725341,9.043125,0.409375,3.16,0.88
"1,2,3,4,5,6,7,9,10,12,13,14,15;B","BBBBBBBCBBCBBBBC",4.43966802083333,1.68842240502545,4.636155,9.11060240941784,35.12518,18.1970867487626,9.5725,0.438125,2.97,0.86
"1,2,3,4,5,6,7,9,10,12,13,14,16;B","BBBBBBBCBBCBBBCB",4.31413083333333,1.61209534765346,5.09618333333333,9.15555466892255,36.4771533333333,18.5749028592735,9.28125,0.42375,3.02,0.86
"1,2,3,4,5,6,7,9,10,12,13,15,16;B","BBBBBBBCBBCBBCBB",4.22314989583333,1.56431354307006,5.41332333333333,9.27396590640445,36.9467716666667,18.6528006855296,9.035,0.405625,3.12,0.89
"1,2,3,4,5,6,7,9,10,12,14,15,16;B","BBBBBBBCBBCBCBBB",4.161894375,1.55088754274064,5.65793166666667,9.4248044028758,37.278035,18.6691419378896,8.8525,0.39,3.28,0.9
"1,2,3,4,5,6,7,9,10,13,14,15,16;B","BBBBBBBCBBCCBBBB",4.12383333333333,1.57582610848523,5.87474333333333,9.59159922539412,37.543685,18.6457363683832,8.7275,0.38125,3.44,0.95
"1,2,3,4,5,6,7,9,11,12,13,14,15;B","BBBBBBBCBCBBBBBC",4.40901635416667,1.71151342069929,4.75128166666667,9.1932140712136,35.27854,18.1485228422738,9.463125,0.428125,3.03,0.87
"1,2,3,4,5,6,7,9,11,12,13,14,16;B","BBBBBBBCBCBBBBCB",4.2815384375,1.62091972844072,5.19781833333333,9.23165476630229,36.5994616666667,18.5305515503705,9.161875,0.413125,3.08,0.87
"1,2,3,4,5,6,7,9,11,12,13,15,16;B","BBBBBBBCBCBBBCBB",4.187704375,1.55858584239901,5.50726833333333,9.34410620171651,37.0576483333333,18.6131184044302,8.908125,0.393125,3.19,0.9
"1,2,3,4,5,6,7,9,11,12,14,15,16;B","BBBBBBBCBCBBCBBB",4.120971875,1.52941335870591,5.742725,9.48913128075479,37.37692,18.6319710612147,8.715,0.37375,3.36,0.91
"1,2,3,4,5,6,7,9,11,13,14,15,16;B","BBBBBBBCBCBCBBBB",4.075771875,1.53861910098415,5.95832666666667,9.64800283053646,37.64108,18.604045056999,8.5875,0.363125,3.52,0.95
"1,2,3,4,5,6,7,9,12,13,14,15,16;B","BBBBBBBCBCCBBBBB",4.06036416666667,1.5857430841645,6.13782333333333,9.77182206775613,37.856665,18.5616886372817,8.525625,0.35625,3.58,1.01
"1,2,3,4,5,6,7,10,11,12,13,14,15;B","BBBBBBBCCBBBBBBC",4.39953666666667,1.7655980076342,4.86772666666667,9.31467865374133,35.4202766666667,18.0788205293366,9.44125,0.421875,3.17,0.87
"1,2,3,4,5,6,7,10,11,12,13,14,16;B","BBBBBBBCCBBBBBCB",4.27138510416667,1.66549805529785,5.31157333333333,9.345642145145,36.73042,18.459465943602,9.130625,0.40875,3.22,0.87
"1,2,3,4,5,6,7,10,11,12,13,15,16;B","BBBBBBBCCBBBBCBB",4.1750796875,1.59254829940747,5.61441833333333,9.453209981659,37.1780366666667,18.5463797632074,8.861875,0.3875,3.33,0.9
"1,2,3,4,5,6,7,10,11,12,14,15,16;B","BBBBBBBCCBBBCBBB",4.1052571875,1.55143253386856,5.84581166666667,9.5944276773841,37.493015,18.5670120918861,8.661875,0.368125,3.5,0.91
"1,2,3,4,5,6,7,10,11,13,14,15,16;B","BBBBBBBCCBBCBBBB",4.05619885416667,1.54755202817268,6.05940166666667,9.74379076666337,37.754865,18.5373109998462,8.525625,0.3575,3.66,0.96
"1,2,3,4,5,6,7,10,12,13,14,15,16;B","BBBBBBBCCBCBBBBB",4.02925104166667,1.58066376594395,6.22699333333333,9.8580387449629,37.9576266666667,18.5004842898554,8.44,0.349375,3.72,1.02
"1,2,3,4,5,6,7,11,12,13,14,15,16;B","BBBBBBBCCCBBBBBB",4.02738989583333,1.64909524876942,6.38346,10.0013405795182,38.140395,18.4291919188887,8.41875,0.349375,3.87,1.06
"1,2,3,4,5,6,8,9,10,11,12,13,14;B","BBBBBBCBBBBBBBCC",4.71927677083333,1.91315768769364,4.06690166666667,8.82214891013414,34.091225,18.0973144240145,10.379375,0.53,2.73,0.81
"1,2,3,4,5,6,8,9,10,11,12,13,15;B","BBBBBBCBBBBBBCBC",4.61375760416667,1.81851927414535,4.27132,8.879258550925,34.5237116666667,18.1557869895918,10.07,0.5,2.79,0.81
"1,2,3,4,5,6,8,9,10,11,12,13,16;B","BBBBBBCBBBBBBCCB",4.49804572916667,1.80223966098245,4.78288833333333,8.96249376651163,36.03289,18.568572829854,9.81375,0.483125,2.87,0.81
"1,2,3,4,5,6,8,9,10,11,12,14,15;B","BBBBBBCBBBBBCBBC",4.528675,1.74688480333379,4.41959666666667,8.9552910012221,34.8013483333333,18.1978987738688,9.84,0.463125,2.83,0.83
"1,2,3,4,5,6,8,9,10,11,12,14,16;B","BBBBBBCBBBBBCBCB",4.407905,1.70481883725797,4.90973,9.01977583279199,36.2295966666667,18.5782920665144,9.569375,0.446875,2.9,0.83
"1,2,3,4,5,6,8,9,10,11,12,15,16;B","BBBBBBCBBBBBCCBB",4.327950625,1.69049894982855,5.24946166666667,9.16146850732557,36.7364266666667,18.6662053585315,9.355625,0.43,3,0.87
"1,2,3,4,5,6,8,9,10,11,13,14,15;B","BBBBBBCBBBBCBBBC",4.45998302083333,1.69901586163189,4.55002166666667,9.05896252072763,35.00073,18.1871849572742,9.65875,0.44,2.88,0.85
"1,2,3,4,5,6,8,9,10,11,13,14,16;B","BBBBBBCBBBBCBBCB",4.33661614583333,1.63490276100567,5.02593333333333,9.11260222455921,36.3874283333333,18.5618714696252,9.38125,0.42375,2.95,0.85
"1,2,3,4,5,6,8,9,10,11,13,15,16;B","BBBBBBCBBBBCBCBB",4.24916552083333,1.59954329398133,5.35076166666667,9.23824819093274,36.8683416666667,18.6454551557851,9.135625,0.40625,3.05,0.88
"1,2,3,4,5,6,8,9,10,11,14,15,16;B","BBBBBBCBBBBCCBBB",4.19466614583333,1.59824349992233,5.60402833333333,9.39813145784359,37.2111283333333,18.664814701193,8.9675,0.393125,3.2,0.91
"1,2,3,4,5,6,8,9,10,12,13,14,15;B","BBBBBBCBBBCBBBBC",4.409701875,1.68230599463696,4.692245,9.17673602241255,35.19714,18.1446075766306,9.495625,0.42375,3,0.89
"1,2,3,4,5,6,8,9,10,12,13,14,16;B","BBBBBBCBBBCBBBCB",4.2838828125,1.59714684520295,5.15145166666667,9.21935212891451,36.5446033333333,18.5199163363688,9.20375,0.4075,3.05,0.89
"1,2,3,4,5,6,8,9,10,12,13,15,16;B","BBBBBBCBBBCBBCBB",4.19176822916667,1.54160263991207,5.46562833333333,9.33443606029537,37.0084116666667,18.6007451415636,8.95375,0.389375,3.16,0.92
"1,2,3,4,5,6,8,9,10,12,14,15,16;B","BBBBBBCBBBCBCBBB",4.12913125,1.52170025632788,5.70693,9.48026480616218,37.3355416666667,18.6200818131674,8.7625,0.374375,3.32,0.93
"1,2,3,4,5,6,8,9,10,13,14,15,16;B","BBBBBBCBBBCCBBBB",4.08919333333333,1.54152064120321,5.92141166666667,9.64121754288392,37.597815,18.6008229890695,8.629375,0.365,3.48,0.98
"1,2,3,4,5,6,8,9,11,12,13,14,15;B","BBBBBBCBBCBBBBBC",4.37438572916667,1.69424689249366,4.80516166666667,9.25765388568769,35.3473416666667,18.0976946814501,9.37375,0.411875,3.06,0.9
"1,2,3,4,5,6,8,9,11,12,13,14,16;B","BBBBBBCBBCBBBBCB",4.24666708333333,1.59383660004888,5.25142333333333,9.29409662680802,36.6644116666667,18.4775341468321,9.073125,0.395,3.11,0.9
"1,2,3,4,5,6,8,9,11,12,13,15,16;B","BBBBBBCBBCBBBCBB",4.15182020833333,1.52266692692933,5.55770833333333,9.40301995277276,37.1168616666667,18.5632689481328,8.816875,0.375,3.23,0.93
"1,2,3,4,5,6,8,9,11,12,14,15,16;B","BBBBBBCBBCBBCBBB",4.08418083333333,1.48583963432701,5.79110666666667,9.54351316314878,37.4335066666667,18.5838510938303,8.615625,0.35625,3.4,0.94
"1,2,3,4,5,6,8,9,11,13,14,15,16;B","BBBBBBCBBCBCBBBB",4.03729072916667,1.48869912160571,6.00400333333333,9.69660005939849,37.69407,18.560420024247,8.479375,0.345,3.56,0.98
"1,2,3,4,5,6,8,9,12,13,14,15,16;B","BBBBBBCBBCCBBBBB",4.01875125,1.53213488087985,6.18049166666667,9.81894535858292,37.90615,18.5207605969724,8.415,0.3375,3.62,1.04
"1,2,3,4,5,6,8,10,11,12,13,14,15;B","BBBBBBCBCBBBBBBC",4.35323052083333,1.73558444660674,4.91613,9.36985388925341,35.4811816666667,18.0352202596777,9.313125,0.405625,3.18,0.9
"1,2,3,4,5,6,8,10,11,12,13,14,16;B","BBBBBBCBCBBBBBCB",4.22478708333333,1.62457415907455,5.35957666666667,9.39880141181299,36.786655,18.4144785085168,9.00375,0.389375,3.23,0.9
"1,2,3,4,5,6,8,10,11,12,13,15,16;B","BBBBBBCBCBBBBCBB",4.12783583333333,1.54184837661634,5.66031,9.50308480672261,37.23055,18.5025478684765,8.73125,0.368125,3.35,0.93
"1,2,3,4,5,6,8,10,11,12,14,15,16;B","BBBBBBCBCBBBCBBB",4.05736,1.49229992768992,5.88978,9.64003807775517,37.5431333333333,18.5243218801991,8.526875,0.34875,3.52,0.94
"1,2,3,4,5,6,8,10,11,13,14,15,16;B","BBBBBBCBCBBCBBBB",4.00664083333333,1.48140163410135,6.09962833333333,9.78435438589162,37.8009316666667,18.498912046719,8.38375,0.3375,3.68,0.99
"1,2,3,4,5,6,8,10,12,13,14,15,16;B","BBBBBBCBCBCBBBBB",3.97726291666667,1.50971416403931,6.26401,9.89642471231672,38.0002916666667,18.4647200501757,8.2975,0.32875,3.74,1.05
"1,2,3,4,5,6,8,11,12,13,14,15,16;B","BBBBBBCBCCBBBBBB",3.97102229166667,1.576201155379,6.41684833333333,10.0366468354985,38.1780416666667,18.3961122824808,8.258125,0.328125,3.89,1.09
"1,2,3,4,5,6,9,10,11,12,13,14,15;B","BBBBBBCCBBBBBBBC",4.35581791666667,1.80541136344935,5.007645,9.48745304379835,35.601105,17.9650066953625,9.34875,0.405,3.28,0.93
"1,2,3,4,5,6,9,10,11,12,13,14,16;B","BBBBBBCCBBBBBBCB",4.2265,1.68920022185506,5.44712,9.51158099375061,36.8925866666667,18.3443221419289,9.0375,0.388125,3.33,0.93
"1,2,3,4,5,6,9,10,11,12,13,15,16;B","BBBBBBCCBBBBBCBB",4.1278053125,1.5993990142575,5.74354833333333,9.61088469062296,37.3307616666667,18.4334271722818,8.75625,0.365625,3.43,0.96
"1,2,3,4,5,6,9,10,11,12,14,15,16;B","BBBBBBCCBBBBCBBB",4.0548759375,1.54084276501902,5.970135,9.74515299288229,37.6382966666667,18.4576227951827,8.55,0.345625,3.6,0.97
"1,2,3,4,5,6,9,10,11,13,14,15,16;B","BBBBBBCCBBBCBBBB",4.00161479166667,1.51842778791235,6.17861666666667,9.88551009056676,37.8935883333333,18.4334274120152,8.395625,0.334375,3.75,1.02
"1,2,3,4,5,6,9,10,12,13,14,15,16;B","BBBBBBCCBBCBBBBB",3.9667884375,1.53352345732539,6.33868666666667,9.99211643262451,38.0874416666667,18.4013109308487,8.28375,0.3225,3.82,1.05
"1,2,3,4,5,6,9,11,12,13,14,15,16;B","BBBBBBCCBCBBBBBB",3.95064895833333,1.58632248927744,6.48548833333333,10.123316191026,38.2587816666667,18.3350036945589,8.210625,0.32,3.97,1.09
"1,2,3,4,5,6,10,11,12,13,14,15,16;B","BBBBBBCCCBBBBBBB",3.95749489583333,1.66865856046511,6.60632333333333,10.2323131079248,38.400615,18.2698859182849,8.249375,0.31875,4.01,1.13
"1,2,3,4,5,7,8,9,10,11,12,13,14;B","BBBBBCBBBBBBBBCC",4.70362885416667,1.96215541338938,4.13052833333333,8.91312812282731,34.1731,18.0310918624111,10.330625,0.5375,2.81,0.85
"1,2,3,4,5,7,8,9,10,11,12,13,15;B","BBBBBCBBBBBBBCBC",4.59786416666667,1.86280088263943,4.3341,8.9675177535815,34.604925,18.0898836414491,10.02125,0.506875,2.87,0.85
"1,2,3,4,5,7,8,9,10,11,12,13,16;B","BBBBBCBBBBBBBCCB",4.48137791666667,1.84065204326634,4.841865,9.04533041499597,36.1017133333333,18.5077258519696,9.7575,0.48875,2.95,0.85
"1,2,3,4,5,7,8,9,10,11,12,14,15;B","BBBBBCBBBBBBCBBC",4.51199947916667,1.78559713027268,4.482555,9.04180596591551,34.8807283333333,18.1331391344906,9.7775,0.471875,2.91,0.87
"1,2,3,4,5,7,8,9,10,11,12,14,16;B","BBBBBCBBBBBBCBCB",4.39049239583333,1.73747103990967,4.96858333333333,9.10148361984752,36.2971833333333,18.5181230012027,9.5,0.454375,2.98,0.87
"1,2,3,4,5,7,8,9,10,11,12,15,16;B","BBBBBCBBBBBBCCBB",4.30958625,1.7177964512482,5.30534833333333,9.23814539050636,36.8007716666667,18.6084558080925,9.285625,0.436875,3.07,0.91
"1,2,3,4,5,7,8,9,10,11,13,14,15;B","BBBBBCBBBBBCBBBC",4.44134958333333,1.73047981213138,4.61000166666667,9.14203284309488,35.0757733333333,18.1252088355583,9.588125,0.445625,2.96,0.89
"1,2,3,4,5,7,8,9,10,11,13,14,16;B","BBBBBCBBBBBCBBCB",4.31732208333333,1.66017853100028,5.08214333333333,9.19130135432185,36.4519016666667,18.5039235625297,9.30375,0.428125,3.03,0.89
"1,2,3,4,5,7,8,9,10,11,13,15,16;B","BBBBBCBBBBBCBCBB",4.22901260416667,1.61896223863381,5.40390666666667,9.31205003381132,36.9296516666667,18.5899794912376,9.058125,0.41,3.12,0.92
"1,2,3,4,5,7,8,9,10,11,14,15,16;B","BBBBBCBBBBBCCBBB",4.1730159375,1.61250864095669,5.65344166666667,9.46773644703399,37.2686583333333,18.6114531527677,8.886875,0.395625,3.27,0.95
"1,2,3,4,5,7,8,9,10,12,13,14,15;B","BBBBBCBBBBCBBBBC",4.38822958333333,1.70528906338458,4.749925,9.25533941616833,35.2678383333333,18.0847610284893,9.41625,0.42875,3.07,0.93
"1,2,3,4,5,7,8,9,10,12,13,14,16;B","BBBBBCBBBBCBBBCB",4.26188479166667,1.6136257141699,5.20603666666667,9.29427947895209,36.60689,18.4630941926908,9.11875,0.41125,3.12,0.93
"1,2,3,4,5,7,8,9,10,12,13,15,16;B","BBBBBCBBBBCBBCBB",4.16897614583333,1.55168364789153,5.51730333333333,9.40466338978244,37.0676966666667,18.5463253009438,8.87,0.3925,3.22,0.96
"1,2,3,4,5,7,8,9,10,12,14,15,16;B","BBBBBCBBBBCBCBBB",4.1049959375,1.52580446239146,5.75523166666667,9.54674432994217,37.3912033333333,18.5678430353944,8.67625,0.37625,3.38,0.97
"1,2,3,4,5,7,8,9,10,13,14,15,16;B","BBBBBCBBBBCCBBBB",4.06341041666667,1.54053613036555,5.96853833333333,9.70488470095875,37.6511583333333,18.549864883943,8.531875,0.365,3.54,1.02
"1,2,3,4,5,7,8,9,11,12,13,14,15;B","BBBBBCBBBCBBBBBC",4.34984072916667,1.70801557179344,4.86157166666667,9.33446803330355,35.4159766666667,18.0393473381022,9.280625,0.415625,3.13,0.94
"1,2,3,4,5,7,8,9,11,12,13,14,16;B","BBBBBCBBBCBBBBCB",4.22165510416667,1.60044653736925,5.30531166666667,9.3674546413016,36.725575,18.4213284773474,8.976875,0.3975,3.18,0.94
"1,2,3,4,5,7,8,9,11,12,13,15,16;B","BBBBBCBBBCBBBCBB",4.12613666666667,1.52222575738778,5.60870166666667,9.47182731543273,37.17551,18.509019753413,8.7225,0.376875,3.29,0.97
"1,2,3,4,5,7,8,9,11,12,14,15,16;B","BBBBBCBBBCBBCBBB",4.05733447916667,1.47866355182766,5.83907666666667,9.60889786981921,37.4890283333333,18.5310960092014,8.52,0.356875,3.46,0.98
"1,2,3,4,5,7,8,9,11,13,14,15,16;B","BBBBBCBBBCBCBBBB",4.00897395833333,1.4756219222648,6.05074833333333,9.75868211957955,37.74724,18.5093636628434,8.36875,0.34375,3.62,1.02
"1,2,3,4,5,7,8,9,12,13,14,15,16;B","BBBBBCBBBCCBBBBB",3.987790625,1.51450436911171,6.22292666666667,9.87827149485483,37.95498,18.4736322418852,8.29,0.33375,3.69,1.07
"1,2,3,4,5,7,8,10,11,12,13,14,15;B","BBBBBCBBCBBBBBBC",4.323183125,1.73879822709291,4.96813666666667,9.44022965936693,35.5450283333333,17.9803416717961,9.19875,0.40625,3.25,0.94
"1,2,3,4,5,7,8,10,11,12,13,14,16;B","BBBBBCBBCBBBBBCB",4.19424177083333,1.6199260592269,5.40879666666667,9.46585180579392,36.842535,18.3625445887164,8.888125,0.38875,3.3,0.94
"1,2,3,4,5,7,8,10,11,12,13,15,16;B","BBBBBCBBCBBBBCBB",4.09675385416667,1.52947320230768,5.70765333333333,9.56607692830021,37.28484,18.4512774271546,8.618125,0.366875,3.41,0.97
"1,2,3,4,5,7,8,10,11,12,14,15,16;B","BBBBBCBBCBBBCBBB",4.02520760416667,1.47243920607207,5.93423,9.69969410126475,37.5944266666667,18.4745496683305,8.411875,0.34625,3.58,0.98
"1,2,3,4,5,7,8,10,11,13,14,15,16;B","BBBBBCBBCBBCBBBB",3.97297135416667,1.45502779229944,6.14296,9.84042082963875,37.8499533333333,18.4510703823167,8.25125,0.33375,3.74,1.03
"1,2,3,4,5,7,8,10,12,13,14,15,16;B","BBBBBCBBCBCBBBBB",3.9415084375,1.47792046050805,6.30394,9.95043114230359,38.0458016666667,18.4203485729275,8.153125,0.3225,3.81,1.08
"1,2,3,4,5,7,8,11,12,13,14,15,16;B","BBBBBCBBCCBBBBBB",3.93217854166667,1.54114605578949,6.45375333333333,10.0876405244494,38.2208366666667,18.3537437141351,8.105625,0.32125,3.96,1.12
"1,2,3,4,5,7,9,10,11,12,13,14,15;B","BBBBBCBCBBBBBBBC",4.31743864583333,1.79914163786906,5.05911166666667,9.55209848889972,35.6626833333333,17.9112404185426,9.208125,0.4,3.34,0.95
"1,2,3,4,5,7,9,10,11,12,13,14,16;B","BBBBBCBCBBBBBBCB",4.18769333333333,1.67411935196168,5.49568,9.57289435979516,36.9473266666667,18.2939622092694,8.89625,0.3825,3.39,0.95
"1,2,3,4,5,7,9,10,11,12,13,15,16;B","BBBBBCBCBBBBBCBB",4.08852020833333,1.5757622591347,5.79022166666667,9.66865357616821,37.3837966666667,18.3833464558796,8.618125,0.359375,3.49,0.98
"1,2,3,4,5,7,9,10,11,12,14,15,16;B","BBBBBCBCBBBBCBBB",4.0146790625,1.50915897200738,6.01432833333333,9.79990542398504,37.68882,18.408632648989,8.411875,0.33875,3.66,0.99
"1,2,3,4,5,7,9,10,11,13,14,15,16;B","BBBBBCBCBBBCBBBB",3.96006947916667,1.47985179644909,6.22141666666667,9.93627671756941,37.9418233333333,18.3859726705232,8.240625,0.3275,3.81,1.04
"1,2,3,4,5,7,9,10,12,13,14,15,16;B","BBBBBCBCBBCBBBBB",3.92324645833333,1.48908699307462,6.37822166666667,10.0417460748483,38.13244,18.3569431655338,8.12125,0.31375,3.88,1.07
"1,2,3,4,5,7,9,11,12,13,14,15,16;B","BBBBBCBCBCBBBBBB",3.9044778125,1.53800292571384,6.52219,10.1712796057824,38.3011183333333,18.2926765106407,8.040625,0.310625,4.03,1.11
"1,2,3,4,5,7,10,11,12,13,14,15,16;B","BBBBBCBCCBBBBBBB",3.90709458333333,1.61930411708611,6.64318666666667,10.2796054532255,38.4419583333333,18.228887775692,8.066875,0.308125,4.08,1.15
"1,2,3,4,5,8,9,10,11,12,13,14,15;B","BBBBBCCBBBBBBBBC",4.32493833333333,1.88265621178922,5.14395833333333,9.66613457717356,35.7673133333333,17.8340309057615,9.2325,0.41125,3.46,0.99
"1,2,3,4,5,8,9,10,11,12,13,14,16;B","BBBBBCCBBBBBBBCB",4.19466635416667,1.75570517156595,5.577305,9.68179627872179,37.04353,18.2216879574641,8.923125,0.39375,3.51,0.99
"1,2,3,4,5,8,9,10,11,12,13,15,16;B","BBBBBCCBBBBBBCBB",4.09399989583333,1.65376661452134,5.869455,9.77362257476262,37.4745116666667,18.3130936970563,8.6325,0.37375,3.61,1.02
"1,2,3,4,5,8,9,10,11,12,14,15,16;B","BBBBBCCBBBBBCBBB",4.018253125,1.58150542342987,6.08901833333333,9.89771096483696,37.77415,18.3400151627771,8.42125,0.350625,3.77,1.04
"1,2,3,4,5,8,9,10,11,13,14,15,16;B","BBBBBCCBBBBCBBBB",3.96156479166667,1.54413843287601,6.29280666666667,10.0309604278952,38.02408,18.3166668323866,8.231875,0.336875,3.9,1.09
"1,2,3,4,5,8,9,10,12,13,14,15,16;B","BBBBBCCBBBCBBBBB",3.92039666666667,1.54216602422576,6.44589166666667,10.1342459758524,38.210185,18.2907763500609,8.098125,0.321875,3.97,1.12
"1,2,3,4,5,8,9,11,12,13,14,15,16;B","BBBBBCCBBCBBBBBB",3.895185625,1.57738268176536,6.5845,10.2537100004605,38.3722866666667,18.2293995898227,7.995625,0.3175,4.1,1.16
"1,2,3,4,5,8,10,11,12,13,14,15,16;B","BBBBBCCBCBBBBBBB",3.88583885416667,1.64491716555821,6.69993333333333,10.3544352137179,38.5063766666667,18.1700131412626,7.99125,0.313125,4.15,1.19
"1,2,3,4,5,9,10,11,12,13,14,15,16;B","BBBBBCCCBBBBBBBB",3.90472041666667,1.74307222772306,6.819185,10.4887031280535,38.641255,18.0830505324113,8.055625,0.321875,4.29,1.22
"1,2,3,4,6,7,8,9,10,11,12,13,14;B","BBBBCBBBBBBBBBCC",4.70186239583333,2.03779554394357,4.19025166666667,8.99820346500723,34.2499816666667,17.9493577484798,10.339375,0.55,2.9,0.87
"1,2,3,4,6,7,8,9,10,11,12,13,15;B","BBBBCBBBBBBBBCBC",4.59532104166667,1.93629124629993,4.39239333333333,9.05034615443927,34.679015,18.0097481006567,10.0275,0.51875,2.96,0.87
"1,2,3,4,6,7,8,9,10,11,12,13,16;B","BBBBCBBBBBBBBCCB",4.47825333333333,1.91016689804524,4.89876,9.12254623584667,36.1665,18.433921891685,9.76125,0.50125,3.04,0.87
"1,2,3,4,6,7,8,9,10,11,12,14,15;B","BBBBCBBBBBBBCBBC",4.50830020833333,1.85582143063836,4.54050666666667,9.12390601956414,34.952985,18.0538997634706,9.781875,0.483125,3,0.89
"1,2,3,4,6,7,8,9,10,11,12,14,16;B","BBBBCBBBBBBBCBCB",4.3862621875,1.80417365193153,5.025025,9.17841776495138,36.360945,18.4450285903351,9.501875,0.46625,3.07,0.89
"1,2,3,4,6,7,8,9,10,11,12,15,16;B","BBBBCBBBBBBBCCBB",4.30436125,1.78105620959155,5.36015833333333,9.31184759969508,36.8616733333333,18.5376137725183,9.280625,0.448125,3.16,0.93
"1,2,3,4,6,7,8,9,10,11,13,14,15;B","BBBBCBBBBBBCBBBC",4.43625927083333,1.79609227782778,4.66663333333333,9.22142020950022,35.1462866666667,18.046480955293,9.5975,0.455,3.05,0.91
"1,2,3,4,6,7,8,9,10,11,13,14,16;B","BBBBCBBBBBBCBBCB",4.31173416666667,1.72265218572538,5.13763333333333,9.2666635643775,36.5144533333333,18.4313446664763,9.31125,0.438125,3.12,0.91
"1,2,3,4,6,7,8,9,10,11,13,15,16;B","BBBBCBBBBBBCBCBB",4.22257739583333,1.67805684950889,5.45839666666667,9.38469976311668,36.9900616666667,18.5190508787173,9.06,0.419375,3.21,0.94
"1,2,3,4,6,7,8,9,10,11,14,15,16;B","BBBBCBBBBBBCCBBB",4.16554739583333,1.66780935787315,5.70648666666667,9.53836769881934,37.32687,18.5423316518497,8.89,0.405,3.36,0.97
"1,2,3,4,6,7,8,9,10,12,13,14,15;B","BBBBCBBBBBCBBBBC",4.3812725,1.76459917204247,4.80522833333333,9.33181424668796,35.3360083333333,18.0083355051125,9.43125,0.436875,3.16,0.95
"1,2,3,4,6,7,8,9,10,12,13,14,16;B","BBBBCBBBBBCBBBCB",4.25447489583333,1.67005800264048,5.26025333333333,9.36710416059378,36.667815,18.39241363284,9.131875,0.42,3.21,0.95
"1,2,3,4,6,7,8,9,10,12,13,15,16;B","BBBBCBBBBBCBBCBB",4.16072791666667,1.60484366625174,5.570465,9.47516954617061,37.1266166666667,18.4772064534779,8.876875,0.400625,3.31,0.98
"1,2,3,4,6,7,8,9,10,12,14,15,16;B","BBBBCBBBBBCBCBBB",4.09581958333333,1.57511148065868,5.80748833333333,9.61541049323563,37.448325,18.4999342861028,8.684375,0.384375,3.47,0.99
"1,2,3,4,6,7,8,9,10,13,14,15,16;B","BBBBCBBBBBCCBBBB",4.053345,1.5849112030758,6.01923166666667,9.76852658477696,37.7066116666667,18.4826850818267,8.534375,0.37375,3.63,1.03
"1,2,3,4,6,7,8,9,11,12,13,14,15;B","BBBBCBBBBCBBBBBC",4.34014614583333,1.75891167724446,4.91521666666667,9.40725735458972,35.48162,17.9654990586005,9.28375,0.420625,3.21,0.96
"1,2,3,4,6,7,8,9,11,12,13,14,16;B","BBBBCBBBBCBBBBCB",4.21152989583333,1.6483026106697,5.35785,9.43684786465244,36.7843283333333,18.3531728906882,8.978125,0.40375,3.26,0.96
"1,2,3,4,6,7,8,9,11,12,13,15,16;B","BBBBCBBBBCBBBCBB",4.11528177083333,1.56671334086555,5.66055666666667,9.5396193286172,37.2327933333333,18.4418074617665,8.718125,0.383125,3.37,0.99
"1,2,3,4,6,7,8,9,11,12,14,15,16;B","BBBBCBBBBCBBCBBB",4.04564614583333,1.51920184617483,5.89030333333333,9.67489717168241,37.5447383333333,18.4645129429947,8.516875,0.363125,3.54,1
"1,2,3,4,6,7,8,9,11,13,14,15,16;B","BBBBCBBBBCBCBBBB",3.996389375,1.51105573581224,6.10024333333333,9.81977833936903,37.80089,18.4440989740452,8.36,0.350625,3.7,1.03
"1,2,3,4,6,7,8,9,12,13,14,15,16;B","BBBBCBBBBCCBBBBB",3.97317739583333,1.54439849712664,6.26835,9.93567400752172,38.0044716666667,18.4127180115445,8.2675,0.339375,3.77,1.08
"1,2,3,4,6,7,8,10,11,12,13,14,15;B","BBBBCBBBCBBBBBBC",4.30958875,1.77918131289204,5.01957833333333,9.51153124577245,35.6067433333333,17.9094801347652,9.189375,0.408125,3.34,0.96
"1,2,3,4,6,7,8,10,11,12,13,14,16;B","BBBBCBBBCBBBBBCB",4.180270625,1.65682346146171,5.45913166666667,9.53398297851933,36.8982216666667,18.2968186457618,8.87625,0.391875,3.39,0.96
"1,2,3,4,6,7,8,10,11,12,13,15,16;B","BBBBCBBBCBBBBCBB",4.08210989583333,1.56260766293842,5.75715,9.63216520393672,37.3389883333333,18.3866248159836,8.603125,0.37,3.5,0.99
"1,2,3,4,6,7,8,10,11,12,14,15,16;B","BBBBCBBBCBBBCBBB",4.0099178125,1.50143640538969,5.98323666666667,9.76440409596973,37.6477283333333,18.4098040127814,8.39875,0.349375,3.67,1
"1,2,3,4,6,7,8,10,11,13,14,15,16;B","BBBBCBBBCBBCBBBB",3.95685541666667,1.47881565721038,6.19034666666667,9.90041216124789,37.9013033333333,18.3876290678282,8.2325,0.3375,3.83,1.04
"1,2,3,4,6,7,8,10,12,13,14,15,16;B","BBBBCBBBCBCBBBBB",3.92361916666667,1.4958146403269,6.34753833333333,10.0072494486589,38.09345,18.3609573224029,8.1225,0.325,3.9,1.09
"1,2,3,4,6,7,8,11,12,13,14,15,16;B","BBBBCBBBCCBBBBBB",3.91250322916667,1.55402217289921,6.49595333333333,10.1430275834525,38.2675933333333,18.294735030022,8.07125,0.324375,4.05,1.13
"1,2,3,4,6,7,9,10,11,12,13,14,15;B","BBBBCBBCBBBBBBBC",4.2971615625,1.82820020446435,5.10677,9.61802532443887,35.71971,17.8457244055659,9.16625,0.400625,3.4,0.97
"1,2,3,4,6,7,9,10,11,12,13,14,16;B","BBBBCBBCBBBBBBCB",4.16708583333333,1.69888533556728,5.54274166666667,9.63614607656138,36.9990666666667,18.2335559004231,8.85,0.384375,3.45,0.97
"1,2,3,4,6,7,9,10,11,12,13,15,16;B","BBBBCBBCBBBBBCBB",4.0673509375,1.59613737778634,5.83634833333333,9.73014037243997,37.434095,18.3242038733583,8.570625,0.36125,3.55,1
"1,2,3,4,6,7,9,10,11,12,14,15,16;B","BBBBCBBCBBBBCBBB",3.99290645833333,1.52498182956119,6.059785,9.8599977047171,37.7381633333333,18.3495006965013,8.363125,0.340625,3.72,1.01
"1,2,3,4,6,7,9,10,11,13,14,15,16;B","BBBBCBBCBBBCBBBB",3.93773708333333,1.49047278811251,6.26583,9.99167315195251,37.9898816666667,18.3274335087567,8.184375,0.33,3.87,1.05
"1,2,3,4,6,7,9,10,12,13,14,15,16;B","BBBBCBBCBBCBBBBB",3.899635625,1.49386767237496,6.41936166666667,10.0938489855697,38.1775,18.3016492170565,8.056875,0.315,3.94,1.08
"1,2,3,4,6,7,9,11,12,13,14,15,16;B","BBBBCBBCBCBBBBBB",3.87937604166667,1.53762095554655,6.56209333333333,10.2217798491835,38.3450233333333,18.2379564594323,7.97125,0.3125,4.09,1.12
"1,2,3,4,6,7,10,11,12,13,14,15,16;B","BBBBCBBCCBBBBBBB",3.8785328125,1.61506314275035,6.68224333333333,10.327384961027,38.48495,18.1755839999277,7.989375,0.31,4.14,1.16
"1,2,3,4,6,8,9,10,11,12,13,14,15;B","BBBBCBCBBBBBBBBC",4.2930378125,1.90016346764213,5.18694666666667,9.71839397716027,35.8189916666667,17.774053393691,9.164375,0.409375,3.5,1.01
"1,2,3,4,6,8,9,10,11,12,13,14,16;B","BBBBCBCBBBBBBBCB",4.16246677083333,1.76777002031985,5.62028333333333,9.73256216561004,37.0904233333333,18.1662244674847,8.85,0.393125,3.55,1.01
"1,2,3,4,6,8,9,10,11,12,13,15,16;B","BBBBCBCBBBBBBCBB",4.0613378125,1.66048737699025,5.91158833333333,9.82255368159037,37.52044,18.2585681717382,8.559375,0.3725,3.65,1.04
"1,2,3,4,6,8,9,10,11,12,14,15,16;B","BBBBCBCBBBBBCBBB",3.98498239583333,1.58291089315925,6.130355,9.94554087027424,37.8188433333333,18.2860497177249,8.35,0.349375,3.81,1.06
"1,2,3,4,6,8,9,10,11,13,14,15,16;B","BBBBCBCBBBBCBBBB",3.92770677083333,1.53993978254027,6.33296,10.0740928946949,38.06704,18.2639621867426,8.1525,0.335625,3.94,1.1
"1,2,3,4,6,8,9,10,12,13,14,15,16;B","BBBBCBCBBBCBBBBB",3.88546854166667,1.53209963169983,6.48343833333333,10.1746305526538,38.25066,18.2406385133843,8.011875,0.32,4.01,1.13
"1,2,3,4,6,8,9,11,12,13,14,15,16;B","BBBBCBCBBCBBBBBB",3.85880729166667,1.56228405448417,6.62087833333333,10.2928334279771,38.4117283333333,18.1799361257757,7.905,0.31625,4.14,1.17
"1,2,3,4,6,8,10,11,12,13,14,15,16;B","BBBBCBCBCBBBBBBB",3.846925625,1.62571688649413,6.73594166666667,10.3918732908986,38.5453983333333,18.1214788023818,7.895625,0.311875,4.2,1.2
"1,2,3,4,6,9,10,11,12,13,14,15,16;B","BBBBCBCCBBBBBBBB",3.8601815625,1.72216792045886,6.85306166666667,10.5210046270956,38.6784166666667,18.0367581964015,7.943125,0.31875,4.32,1.23
"1,2,3,4,7,8,9,10,11,12,13,14,15;B","BBBBCCBBBBBBBBBC",4.31990135416667,2.00361041416667,5.27675666666667,9.8301232637131,35.9252883333333,17.6727311733711,9.268125,0.42625,3.57,1.04
"1,2,3,4,7,8,9,10,11,12,13,14,16;B","BBBBCCBBBBBBBBCB",4.1888478125,1.87239248111565,5.70675,9.83919727281412,37.189,18.068380760461,8.949375,0.40625,3.62,1.04
"1,2,3,4,7,8,9,10,11,12,13,15,16;B","BBBBCCBBBBBBBCBB",4.08684708333333,1.76481952846203,5.99686833333333,9.92612209214647,37.6152883333333,18.1639930914381,8.656875,0.38375,3.72,1.07
"1,2,3,4,7,8,9,10,11,12,14,15,16;B","BBBBCCBBBBBBCBBB",4.0081684375,1.68431098893116,6.210335,10.0417895191547,37.9078833333333,18.1963102221688,8.435,0.360625,3.87,1.09
"1,2,3,4,7,8,9,10,11,13,14,15,16;B","BBBBCCBBBBBCBBBB",3.94963760416667,1.63638652633636,6.41176166666667,10.1685008470456,38.1553583333333,18.1746379455376,8.2375,0.34625,4,1.13
"1,2,3,4,7,8,9,10,12,13,14,15,16;B","BBBBCCBBBBCBBBBB",3.90425447916667,1.61930885804324,6.56000166666667,10.2651410433486,38.3361216666667,18.1544963314575,8.088125,0.329375,4.07,1.16
"1,2,3,4,7,8,9,11,12,13,14,15,16;B","BBBBCCBBBCBBBBBB",3.87214510416667,1.63609277918364,6.69193333333333,10.3768365508265,38.4910833333333,18.098160345444,7.965,0.323125,4.2,1.2
"1,2,3,4,7,8,10,11,12,13,14,15,16;B","BBBBCCBBCBBBBBBB",3.85195854166667,1.68404046368854,6.80200833333333,10.4722344977098,38.61791,18.0461166526846,7.925625,0.3175,4.26,1.24
"1,2,3,4,7,9,10,11,12,13,14,15,16;B","BBBBCCBCBBBBBBBB",3.8540378125,1.76683648712133,6.91553666666667,10.5920738727594,38.7470966666667,17.9640689901107,7.9425,0.321875,4.38,1.27
"1,2,3,4,8,9,10,11,12,13,14,15,16;B","BBBBCCCBBBBBBBBB",3.89172166666667,1.88293836346183,7.02900333333333,10.6999281325506,38.8763166666667,17.8487010013247,8.04875,0.33,4.59,1.34
"1,2,3,5,6,7,8,9,10,11,12,13,14;B","BBBCBBBBBBBBBBCC",4.72432875,2.13082461374303,4.25012166666667,9.06052750769709,34.3247766666667,17.8615896822654,10.4075,0.561875,2.99,0.87
"1,2,3,5,6,7,8,9,10,11,12,13,15;B","BBBCBBBBBBBBBCBC",4.617001875,2.02980872492987,4.44865333333333,9.10997257965603,34.74774,17.9275489349689,10.086875,0.529375,3.05,0.87
"1,2,3,5,6,7,8,9,10,11,12,13,16;B","BBBCBBBBBBBBBCCB",4.49933145833333,2.00211017042999,4.95104333333333,9.17885968481502,36.2255816666667,18.3596250800038,9.816875,0.511875,3.13,0.87
"1,2,3,5,6,7,8,9,10,11,12,14,15;B","BBBCBBBBBBBBCBBC",4.5289290625,1.94841287643463,4.59463166666667,9.18219718833775,35.0183,17.9750052518071,9.8375,0.490625,3.09,0.89
"1,2,3,5,6,7,8,9,10,11,12,14,16;B","BBBCBBBBBBBBCBCB",4.4063390625,1.89626560599061,5.07539,9.23367604855625,36.4174283333333,18.3731246301239,9.555,0.47375,3.16,0.89
"1,2,3,5,6,7,8,9,10,11,12,15,16;B","BBBCBBBBBBBBCCBB",4.32383135416667,1.87150286878173,5.41018,9.36455394436275,36.9172483333333,18.46618436095,9.3325,0.455,3.25,0.93
"1,2,3,5,6,7,8,9,10,11,13,14,15;B","BBBCBBBBBBBCBBBC",4.45623958333333,1.88664522995375,4.72036333333333,9.27730865919794,35.210895,17.9672420503073,9.653125,0.4625,3.14,0.91
"1,2,3,5,6,7,8,9,10,11,13,14,16;B","BBBCBBBBBBBCBBCB",4.33119395833334,1.81357916385302,5.18772666666667,9.31974778638541,36.5707333333333,18.3589331647937,9.364375,0.445625,3.21,0.91
"1,2,3,5,6,7,8,9,10,11,13,15,16;B","BBBCBBBBBBBCBCBB",4.24138104166667,1.7680213168862,5.50762833333333,9.43566824859882,37.0448733333333,18.447910974275,9.111875,0.42625,3.3,0.94
"1,2,3,5,6,7,8,9,10,11,14,15,16;B","BBBCBBBBBBBCCBBB",4.18308677083333,1.75503440435724,5.75249666666667,9.5854637568432,37.378465,18.4734423315935,8.94375,0.41375,3.45,0.97
"1,2,3,5,6,7,8,9,10,12,13,14,15;B","BBBCBBBBBBCBBBBC",4.3994809375,1.85064148689372,4.85746666666667,9.38473960003168,35.3982966666667,17.9303503780171,9.481875,0.445,3.25,0.95
"1,2,3,5,6,7,8,9,10,12,13,14,16;B","BBBCBBBBBBCBBBCB",4.27223666666667,1.75725844014877,5.30915833333333,9.41772649840911,36.7229566666667,18.3204192377068,9.18125,0.428125,3.3,0.95
"1,2,3,5,6,7,8,9,10,12,13,15,16;B","BBBCBBBBBBCBBCBB",4.17785520833333,1.69178943831736,5.61812833333333,9.52365763985859,37.17991,18.4070534010457,8.924375,0.408125,3.4,0.98
"1,2,3,5,6,7,8,9,10,12,14,15,16;B","BBBCBBBBBBCBCBBB",4.1117559375,1.6597820930756,5.85222333333333,9.66052727005635,37.4986233333333,18.4321420815157,8.73375,0.39375,3.56,0.99
"1,2,3,5,6,7,8,9,10,13,14,15,16;B","BBBCBBBBBBCCBBBB",4.0681328125,1.66534581725969,6.06274833333333,9.81190430712438,37.7557466666667,18.4157793017503,8.578125,0.38125,3.72,1.03
"1,2,3,5,6,7,8,9,11,12,13,14,15;B","BBBCBBBBBCBBBBBC",4.35525895833334,1.83823264476738,4.96513,9.4570032554799,35.5406716666667,17.8917074210521,9.325625,0.4275,3.3,0.96
"1,2,3,5,6,7,8,9,11,12,13,14,16;B","BBBCBBBBBCBBBBCB",4.22621,1.72909208488176,5.40472,9.48480109204534,36.8364566666667,18.2853365413756,9.018125,0.410625,3.35,0.96
"1,2,3,5,6,7,8,9,11,12,13,15,16;B","BBBCBBBBBCBBBCBB",4.12933041666667,1.64769163378632,5.70636333333333,9.58569800749221,37.2833166666667,18.3755568592217,8.755,0.389375,3.46,0.99
"1,2,3,5,6,7,8,9,11,12,14,15,16;B","BBBCBBBBBCBBCBBB",4.05864770833333,1.59851750174317,5.93367,9.71763694527133,37.5932133333333,18.3995351272012,8.555625,0.37125,3.63,1
"1,2,3,5,6,7,8,9,11,13,14,15,16;B","BBBCBBBBBCBCBBBB",4.00847895833333,1.58669913700586,6.142765,9.86091535096107,37.8487166666667,18.3792162379988,8.395625,0.356875,3.79,1.03
"1,2,3,5,6,7,8,9,12,13,14,15,16;B","BBBCBBBBBCCBBBBB",3.98262354166667,1.61453388779295,6.30867333333333,9.97558090735458,38.0493566666667,18.3520240054868,8.29,0.345,3.86,1.08
"1,2,3,5,6,7,8,10,11,12,13,14,15;B","BBBCBBBBCBBBBBBC",4.32145489583333,1.84988254041163,5.067115,9.55746854632245,35.6632733333333,17.8379468175124,9.219375,0.415,3.43,0.96
"1,2,3,5,6,7,8,10,11,12,13,14,16;B","BBBCBBBBCBBBBBCB",4.19172697916667,1.72881483179472,5.50388666666667,9.5783310424416,36.948195,18.2309355545209,8.904375,0.39875,3.48,0.96
"1,2,3,5,6,7,8,10,11,12,13,15,16;B","BBBCBBBBCBBBBCBB",4.09295,1.63480003943454,5.80084166666667,9.67481354221559,37.3873566666667,18.3224097076135,8.6275,0.37625,3.59,0.99
"1,2,3,5,6,7,8,10,11,12,14,15,16;B","BBBCBBBBCBBBCBBB",4.01969979166667,1.572110010386,6.024215,9.80401861685588,37.69374,18.3473689823343,8.42375,0.3575,3.76,1
"1,2,3,5,6,7,8,10,11,13,14,15,16;B","BBBCBBBBCBBCBBBB",3.96568833333333,1.54606379655443,6.23047666666667,9.93858599096052,37.9466433333333,18.3253586337113,8.255625,0.34375,3.92,1.04
"1,2,3,5,6,7,8,10,12,13,14,15,16;B","BBBCBBBBCBCBBBBB",3.93017697916667,1.55766252027306,6.38576833333333,10.0441435380936,38.1362616666667,18.3022664632787,8.133125,0.330625,3.99,1.09
"1,2,3,5,6,7,8,11,12,13,14,15,16;B","BBBCBBBBCCBBBBBB",3.91736114583333,1.60975020876379,6.53274,10.1792167027779,38.30898,18.2369445898812,8.07375,0.328125,4.13,1.13
"1,2,3,5,6,7,9,10,11,12,13,14,15;B","BBBCBBBCBBBBBBBC",4.30395729166666,1.88847417991222,5.15241833333333,9.66115979248096,35.7735866666667,17.7767140083976,9.180625,0.4075,3.49,0.97
"1,2,3,5,6,7,9,10,11,12,13,14,16;B","BBBCBBBCBBBBBBCB",4.173501875,1.75971259832225,5.58581166666667,9.67772637451458,37.0468683333333,18.1699465425912,8.86375,0.39125,3.54,0.97
"1,2,3,5,6,7,9,10,11,12,13,15,16;B","BBBCBBBCBBBBBCBB",4.07322854166667,1.65674877817837,5.878395,9.77066496127954,37.4804233333333,18.2621327728876,8.581875,0.3675,3.64,1
"1,2,3,5,6,7,9,10,11,12,14,15,16;B","BBBCBBBCBBBBCBBB",3.99782,1.58392407072014,6.09921833333333,9.89766372895665,37.782235,18.2891277444256,8.375625,0.34875,3.81,1.01
"1,2,3,5,6,7,9,10,11,13,14,15,16;B","BBBCBBBCBBBCBBBB",3.94179489583333,1.54626707415711,6.30468666666667,10.0279563595108,38.0335066666667,18.266984506603,8.193125,0.33625,3.96,1.05
"1,2,3,5,6,7,9,10,12,13,14,15,16;B","BBBCBBBCBBCBBBBB",3.90163135416667,1.54455370613329,6.456085,10.1288797136856,38.2183633333333,18.2451474171315,8.05625,0.320625,4.03,1.08
"1,2,3,5,6,7,9,11,12,13,14,15,16;B","BBBCBBBCBCBBBBBB",3.88006145833333,1.58256109638926,6.59793,10.2563420609078,38.3850316666667,18.1816102151658,7.964375,0.31625,4.17,1.12
"1,2,3,5,6,7,10,11,12,13,14,15,16;B","BBBCBBBCCBBBBBBB",3.8761175,1.65328828432914,6.71621166666667,10.3592014419594,38.5228933333333,18.1218572420051,7.969375,0.3125,4.23,1.16
"1,2,3,5,6,8,9,10,11,12,13,14,15;B","BBBCBBCBBBBBBBBC",4.29156291666667,1.94806902718711,5.22878833333333,9.75608479877681,35.8678883333333,17.7116882008803,9.14625,0.415625,3.57,1.02
"1,2,3,5,6,8,9,10,11,12,13,14,16;B","BBBCBBCBBBBBBBCB",4.16069770833333,1.81516439563462,5.66003333333333,9.76896576985274,37.1346133333333,18.1075349533903,8.829375,0.4,3.62,1.02
"1,2,3,5,6,8,9,10,11,12,13,15,16;B","BBBCBBCBBBBBBCBB",4.0592078125,1.70684830494814,5.95087333333333,9.85799701162109,37.5638383333333,18.2005968394432,8.5375,0.37875,3.72,1.05
"1,2,3,5,6,8,9,10,11,12,14,15,16;B","BBBCBBCBBBBBCBBB",3.9819675,1.627100294436,6.167015,9.9784970785603,37.8599333333333,18.2299568450575,8.329375,0.358125,3.88,1.07
"1,2,3,5,6,8,9,10,11,13,14,15,16;B","BBBCBBCBBBBCBBBB",3.92398072916667,1.58095229567217,6.36904333333333,10.1058211773798,38.1076516666667,18.2078868190748,8.130625,0.341875,4.01,1.11
"1,2,3,5,6,8,9,10,12,13,14,15,16;B","BBBCBBCBBBCBBBBB",3.88019291666667,1.56849745168018,6.51804333333333,10.2053978640614,38.28925,18.1873033876859,7.985625,0.325625,4.08,1.14
"1,2,3,5,6,8,9,11,12,13,14,15,16;B","BBBCBBCBBCBBBBBB",3.8521221875,1.593317336349,6.65400833333333,10.3222574498473,38.44882,18.1279810615034,7.87375,0.32,4.2,1.18
"1,2,3,5,6,8,10,11,12,13,14,15,16;B","BBBCBBCBCBBBBBBB",3.8374809375,1.65054242320449,6.76794833333333,10.4188694152158,38.5814083333333,18.0710003515384,7.85375,0.31375,4.27,1.21
"1,2,3,5,6,9,10,11,12,13,14,15,16;B","BBBCBBCCBBBBBBBB",3.84746614583334,1.74204485983854,6.88276333333333,10.5447107931946,38.7123383333333,17.9887992152131,7.89875,0.320625,4.39,1.25
"1,2,3,5,7,8,9,10,11,12,13,14,15;B","BBBCBCBBBBBBBBBC",4.30552125,2.04160794516348,5.315065,9.86594132345297,35.9704583333333,17.6145934379901,9.2225,0.429375,3.65,1.04
"1,2,3,5,7,8,9,10,11,12,13,14,16;B","BBBCBCBBBBBBBBCB",4.1741565625,1.90848625263754,5.74300666666667,9.87397772335655,37.2291916666667,18.0145100673042,8.9025,0.41,3.7,1.04
"1,2,3,5,7,8,9,10,11,12,13,15,16;B","BBBCBCBBBBBBBCBB",4.07184708333333,1.79875818828759,6.03273,9.96013375390922,37.6548783333333,18.1107076032804,8.61,0.388125,3.8,1.07
"1,2,3,5,7,8,9,10,11,12,14,15,16;B","BBBCBCBBBBBBCBBB",3.99231989583333,1.71522304857085,6.24428666666667,10.0736962081131,37.9456216666667,18.1445597180728,8.389375,0.368125,3.95,1.09
"1,2,3,5,7,8,9,10,11,13,14,15,16;B","BBBCBCBBBBBCBBBB",3.93282302083333,1.66350200222249,6.44481666666667,10.1989007524036,38.1917483333333,18.1242414577075,8.190625,0.3525,4.08,1.13
"1,2,3,5,7,8,9,10,12,13,14,15,16;B","BBBCBCBBBBCBBBBB",3.88617552083333,1.64192782143878,6.59149333333333,10.2943598564671,38.370685,18.1064665095205,8.036875,0.335,4.15,1.16
"1,2,3,5,7,8,9,11,12,13,14,15,16;B","BBBCBCBBBCBBBBBB",3.85298833333333,1.65396812692609,6.72256166666667,10.4049460546572,38.5247833333333,18.0507846746097,7.909375,0.3275,4.27,1.2
"1,2,3,5,7,8,10,11,12,13,14,15,16;B","BBBCBCBBCBBBBBBB",3.83080583333333,1.69669993060734,6.83252,10.4987481443569,38.6517216666667,17.9988257349313,7.860625,0.32125,4.34,1.24
"1,2,3,5,7,9,10,11,12,13,14,15,16;B","BBBCBCBCBBBBBBBB",3.83013625,1.77478445980877,6.94410166666667,10.616794511685,38.7790666666667,17.919255724292,7.871875,0.32625,4.45,1.28
"1,2,3,5,8,9,10,11,12,13,14,15,16;B","BBBCBCCBBBBBBBBB",3.86190947916667,1.88831691258975,7.05468,10.7244916539848,38.90538,17.8081245592838,7.95625,0.334375,4.67,1.35
"1,2,3,6,7,8,9,10,11,12,13,14,15;B","BBBCCBBBBBBBBBBC",4.345904375,2.15017903332739,5.39796333333333,9.96809302089269,36.0679866666667,17.5077167286281,9.340625,0.443125,3.73,1.06
"1,2,3,6,7,8,9,10,11,12,13,14,16;B","BBBCCBBBBBBBBBCB",4.21398427083333,2.01997359816253,5.82225833333333,9.97250878770535,37.3178333333333,17.9159699260823,9.016875,0.4225,3.78,1.06
"1,2,3,6,7,8,9,10,11,12,13,15,16;B","BBBCCBBBBBBBBCBB",4.11070104166667,1.91166237615617,6.10917833333333,10.0561587335512,37.7401183333333,18.0144353006608,8.7175,0.39875,3.88,1.09
"1,2,3,6,7,8,9,10,11,12,14,15,16;B","BBBCCBBBBBBBCBBB",4.03027541666667,1.8281354844627,6.31919666666667,10.165197571504,38.0292066666667,18.0488535131041,8.493125,0.37625,4.03,1.11
"1,2,3,6,7,8,9,10,11,13,14,15,16;B","BBBCCBBBBBBCBBBB",3.9690590625,1.77343834811352,6.51768833333333,10.2855152466265,38.2728283333333,18.029464474037,8.29375,0.36,4.16,1.14
"1,2,3,6,7,8,9,10,12,13,14,15,16;B","BBBCCBBBBBCBBBBB",3.91951520833333,1.74583801661115,6.66093,10.3775997114195,38.4480666666667,18.0154192742972,8.123125,0.34125,4.24,1.17
"1,2,3,6,7,8,9,11,12,13,14,15,16;B","BBBCCBBBBCBBBBBB",3.88303666666667,1.74878095313829,6.78938666666667,10.4833877210603,38.5989266666667,17.9622684641728,7.986875,0.333125,4.37,1.21
"1,2,3,6,7,8,10,11,12,13,14,15,16;B","BBBCCBBBCBBBBBBB",3.85546375,1.77953767172997,6.89676,10.5744680583777,38.722435,17.9126203231041,7.91875,0.32625,4.45,1.25
"1,2,3,6,7,9,10,11,12,13,14,15,16;B","BBBCCBBCBBBBBBBB",3.84640041666667,1.84334806899158,7.00280333333333,10.6823378079002,38.8443516666667,17.839926806983,7.91125,0.33125,4.56,1.29
"1,2,3,6,8,9,10,11,12,13,14,15,16;B","BBBCCBCBBBBBBBBB",3.86230729166667,1.94383743954694,7.10573166666667,10.7823400730272,38.9619083333333,17.7378171058162,7.96625,0.338125,4.77,1.35
"1,2,3,7,8,9,10,11,12,13,14,15,16;B","BBBCCCBBBBBBBBBB",3.9193159375,2.06297093578008,7.211735,10.9016391250736,39.0859066666667,17.6085307804744,8.150625,0.35625,4.98,1.38
"1,2,4,5,6,7,8,9,10,11,12,13,14;B","BBCBBBBBBBBBBBCC",4.7724390625,2.23854513492978,4.31742666666667,9.16607689357677,34.40949,17.753690330393,10.571875,0.585,3.07,0.89
"1,2,4,5,6,7,8,9,10,11,12,13,15;B","BBCBBBBBBBBBBCBC",4.66444791666667,2.13943897320947,4.51423166666667,9.21301526568819,34.8294416666667,17.8216816875423,10.25125,0.54875,3.13,0.89
"1,2,4,5,6,7,8,9,10,11,12,13,16;B","BBCBBBBBBBBBBCCB",4.54621947916667,2.11125716013607,5.014295,9.27856012917856,36.298355,18.2620569026659,9.979375,0.530625,3.21,0.89
"1,2,4,5,6,7,8,9,10,11,12,14,15;B","BBCBBBBBBBBBCBBC",4.57582677083333,2.05905322850149,4.65944666666667,9.28308402076022,35.097905,17.8710434658474,9.995,0.509375,3.17,0.91
"1,2,4,5,6,7,8,9,10,11,12,14,16;B","BBCBBBBBBBBBCBCB",4.45272145833333,2.00768354191719,5.13818666666667,9.33184922173823,36.4887883333333,18.2771151005219,9.710625,0.491875,3.24,0.91
"1,2,4,5,6,7,8,9,10,11,12,15,16;B","BBCBBBBBBBBBCCBB",4.36904208333333,1.98218699998059,5.46984833333333,9.45902074100589,36.9840866666667,18.3751528308377,9.485625,0.47125,3.33,0.95
"1,2,4,5,6,7,8,9,10,11,13,14,15;B","BBCBBBBBBBBCBBBC",4.5014915625,1.99648640279464,4.78340333333333,9.37600390749495,35.286895,17.8673546562406,9.80625,0.480625,3.22,0.93
"1,2,4,5,6,7,8,9,10,11,13,14,16;B","BBCBBBBBBBBCBBCB",4.3760825,1.92543872345278,5.24982166666667,9.41598720673954,36.6409183333333,18.2637382116711,9.515625,0.463125,3.29,0.93
"1,2,4,5,6,7,8,9,10,11,13,15,16;B","BBCBBBBBBBBCBCBB",4.28531447916667,1.88026175674782,5.56672,9.52849960526988,37.1107616666667,18.3573941761824,9.26,0.441875,3.38,0.96
"1,2,4,5,6,7,8,9,10,11,14,15,16;B","BBCBBBBBBBBCCBBB",4.225613125,1.86571444339644,5.80902666666667,9.67339414047266,37.4405233333333,18.3872904170822,9.090625,0.429375,3.53,0.99
"1,2,4,5,6,7,8,9,10,12,13,14,15;B","BBCBBBBBBBCBBBBC",4.44254354166667,1.95759876809082,4.91770333333333,9.47873471747598,35.4708133333333,17.8342339808642,9.641875,0.461875,3.33,0.97
"1,2,4,5,6,7,8,9,10,12,13,14,16;B","BBCBBBBBBBCBBBCB",4.31497270833333,1.86736771436454,5.36835833333333,9.50969872421027,36.7902483333333,18.2286852297985,9.34,0.444375,3.38,0.97
"1,2,4,5,6,7,8,9,10,12,13,15,16;B","BBCBBBBBBBCBBCBB",4.21977375,1.80337994443649,5.67488333333333,9.6125669954453,37.243465,18.3193640433742,9.07875,0.4225,3.48,1
"1,2,4,5,6,7,8,9,10,12,14,15,16;B","BBCBBBBBBBCBCBBB",4.15248635416667,1.77071477042948,5.90672166666667,9.74505150803775,37.5588083333333,18.3484215763351,8.8875,0.408125,3.64,1.01
"1,2,4,5,6,7,8,9,10,13,14,15,16;B","BBCBBBBBBBCCBBBB",4.10768604166667,1.77345855043314,6.115865,9.89203752257164,37.8146166666667,18.332766230512,8.7225,0.39375,3.8,1.05
"1,2,4,5,6,7,8,9,11,12,13,14,15;B","BBCBBBBBBCBBBBBC",4.39681302083333,1.94087608236802,5.02426166666667,9.55027114219379,35.6111566666667,17.7972458762704,9.485,0.4425,3.37,0.98
"1,2,4,5,6,7,8,9,11,12,13,14,16;B","BBCBBBBBBCBBBBCB",4.26746,1.83558941884848,5.46262,9.57623761374738,36.9020766666667,18.1950062596997,9.1775,0.425,3.42,0.98
"1,2,4,5,6,7,8,9,11,12,13,15,16;B","BBCBBBBBBCBBBCBB",4.16987927083333,1.75646702251855,5.762395,9.67403771172478,37.345885,18.2884962735757,8.91,0.401875,3.53,1.01
"1,2,4,5,6,7,8,9,11,12,14,15,16;B","BBCBBBBBBCBBCBBB",4.09801979166667,1.70743456991355,5.98723333333333,9.80149989695572,37.6522033333333,18.3167951884944,8.709375,0.38375,3.7,1.02
"1,2,4,5,6,7,8,9,11,13,14,15,16;B","BBCBBBBBBCBCBBBB",4.046649375,1.69344572293811,6.194915,9.94002540645953,37.9062216666667,18.2974860205894,8.53875,0.3675,3.86,1.05
"1,2,4,5,6,7,8,9,12,13,14,15,16;B","BBCBBBBBBCCBBBBB",4.01948916666667,1.71670869772396,6.36036,10.0522232339493,38.1060716666667,18.2704268319986,8.42375,0.354375,3.93,1.1
"1,2,4,5,6,7,8,10,11,12,13,14,15;B","BBCBBBBBCBBBBBBC",4.361225,1.94635122681686,5.12426333333333,9.64796528074733,35.73198,17.7446140959036,9.371875,0.430625,3.51,0.99
"1,2,4,5,6,7,8,10,11,12,13,14,16;B","BBCBBBBBCBBBBBCB",4.2311878125,1.82937191531448,5.55986833333333,9.6671697544256,37.0119533333333,18.142175173484,9.058125,0.41375,3.56,0.99
"1,2,4,5,6,7,8,10,11,12,13,15,16;B","BBCBBBBBCBBBBCBB",4.13169864583333,1.73799006186992,5.85497833333333,9.76077002634145,37.4480866666667,18.2369793512665,8.776875,0.389375,3.67,1.02
"1,2,4,5,6,7,8,10,11,12,14,15,16;B","BBCBBBBBCBBBCBBB",4.05725572916667,1.67587797752446,6.07574333333333,9.88573836711731,37.7507516666667,18.2665775947837,8.571875,0.370625,3.84,1.03
"1,2,4,5,6,7,8,10,11,13,14,15,16;B","BBCBBBBBCBBCBBBB",4.00187989583333,1.6481109543367,6.28048,10.0151118008091,38.0018533333333,18.2461957629536,8.3925,0.355,4,1.06
"1,2,4,5,6,7,8,10,12,13,14,15,16;B","BBCBBBBBCBCBBBBB",3.96509260416667,1.65558362439576,6.43550166666667,10.1190621810327,38.1907933333333,18.2231783449957,8.26125,0.340625,4.07,1.11
"1,2,4,5,6,7,8,11,12,13,14,15,16;B","BBCBBBBBCCBBBBBB",3.950571875,1.70108060497317,6.58066166666667,10.2501084507038,38.36162,18.1596532792002,8.200625,0.336875,4.21,1.15
"1,2,4,5,6,7,9,10,11,12,13,14,15;B","BBCBBBBCBBBBBBBC",4.33992,1.9763153379138,5.20544,9.74524488305078,35.8385,17.6880683002041,9.311875,0.42125,3.57,1
"1,2,4,5,6,7,9,10,11,12,13,14,16;B","BBCBBBBCBBBBBBCB",4.209156875,1.85136049946058,5.63778833333333,9.75955637182399,37.1068583333333,18.0863934024788,8.99875,0.404375,3.62,1
"1,2,4,5,6,7,9,10,11,12,13,15,16;B","BBCBBBBCBBBBBCBB",4.10818270833333,1.75093065886961,5.92864333333333,9.85007520342674,37.53739,18.1818563081748,8.711875,0.37875,3.72,1.03
"1,2,4,5,6,7,9,10,11,12,14,15,16;B","BBCBBBBCBBBBCBBB",4.03159458333333,1.67880014917693,6.14685833333333,9.97309516640676,37.83552,18.213563944327,8.505,0.359375,3.89,1.04
"1,2,4,5,6,7,9,10,11,13,14,15,16;B","BBCBBBBCBBBCBBBB",3.97435697916667,1.63990278253477,6.351325,10.0992604294928,38.0855133333333,18.1925299323627,8.315625,0.345,4.04,1.07
"1,2,4,5,6,7,9,10,12,13,14,15,16;B","BBCBBBBCBBCBBBBB",3.93290895833333,1.63453941376903,6.50215833333333,10.198574274813,38.269145,18.1716607059158,8.16875,0.328125,4.11,1.1
"1,2,4,5,6,7,9,11,12,13,14,15,16;B","BBCBBBBCBCBBBBBB",3.90974375,1.66642091564643,6.64272833333333,10.3225473322607,38.4342716666667,18.1093896188902,8.07625,0.3225,4.25,1.14
"1,2,4,5,6,7,10,11,12,13,14,15,16;B","BBCBBBBCCBBBBBBB",3.90392291666667,1.73065927663832,6.76099666666667,10.4254427192443,38.572155,18.0486873137822,8.0725,0.3175,4.31,1.19
"1,2,4,5,6,8,9,10,11,12,13,14,15;B","BBCBBBCBBBBBBBBC",4.3218015625,2.02554193492694,5.280275,9.83917893236147,35.9303916666667,17.6260660552411,9.263125,0.4275,3.66,1.05
"1,2,4,5,6,8,9,10,11,12,13,14,16;B","BBCBBBCBBBBBBBCB",4.1906809375,1.89557470060557,5.71095166666667,9.84991155899902,37.19303,18.0257103354616,8.95125,0.41125,3.71,1.05
"1,2,4,5,6,8,9,10,11,12,13,15,16;B","BBCBBBCBBBBBBCBB",4.08854697916667,1.78915437843249,6,9.93683339674588,37.61916,18.122244839582,8.655625,0.388125,3.81,1.08
"1,2,4,5,6,8,9,10,11,12,14,15,16;B","BBCBBBCBBBBBCBBB",4.01011833333333,1.70972000306201,6.21354666666667,10.0535020073314,37.9117533333333,18.1560666344536,8.44625,0.366875,3.97,1.1
"1,2,4,5,6,8,9,10,11,13,14,15,16;B","BBCBBBCBBBBCBBBB",3.950895625,1.66236261942898,6.41440666666667,10.1765140605775,38.1579266666667,18.1354982490715,8.239375,0.34875,4.1,1.13
"1,2,4,5,6,8,9,10,12,13,14,15,16;B","BBCBBBCBBBCBBBBB",3.90569458333333,1.64658984998227,6.56238166666667,10.2744435846687,38.33784,18.1166301801834,8.08375,0.33125,4.17,1.16
"1,2,4,5,6,8,9,11,12,13,14,15,16;B","BBCBBBCBBCBBBBBB",3.87614802083333,1.66593950237788,6.69705333333333,10.3879271458198,38.49585,18.0586809591512,7.970625,0.324375,4.29,1.2
"1,2,4,5,6,8,10,11,12,13,14,15,16;B","BBCBBBCBCBBBBBBB",3.85979552083333,1.71702039965456,6.81101333333333,10.4837837879305,38.6284933333333,18.0006559538593,7.941875,0.316875,4.35,1.24
"1,2,4,5,6,9,10,11,12,13,14,15,16;B","BBCBBBCCBBBBBBBB",3.86579333333333,1.80143549371934,6.92381833333333,10.6051250620883,38.757565,17.9192319765793,7.969375,0.324375,4.47,1.28
"1,2,4,5,7,8,9,10,11,12,13,14,15;B","BBCBBCBBBBBBBBBC",4.32588,2.10715019026313,5.36309166666667,9.94266135894423,36.0281083333333,17.5340595919471,9.30875,0.440625,3.74,1.06
"1,2,4,5,7,8,9,10,11,12,13,14,16;B","BBCBBCBBBBBBBBCB",4.19426635416667,1.9756760661602,5.79033,9.9488090819501,37.2828583333333,17.938205984651,8.995,0.42125,3.79,1.06
"1,2,4,5,7,8,9,10,11,12,13,15,16;B","BBCBBCBBBBBBBCBB",4.09140864583333,1.86684202234804,6.07894,10.0331463820417,37.7064116666667,18.0367402338277,8.70125,0.3975,3.89,1.09
"1,2,4,5,7,8,9,10,11,12,14,15,16;B","BBCBBCBBBBBBCBBB",4.01086916666667,1.78299325500303,6.28851166666667,10.1437448126459,37.994295,18.074230212115,8.48125,0.376875,4.04,1.11
"1,2,4,5,7,8,9,10,11,13,14,15,16;B","BBCBBCBBBBBCBBBB",3.9501803125,1.72980869604568,6.48777166666667,10.2646114121582,38.238775,18.0556303682492,8.27625,0.36,4.17,1.14
"1,2,4,5,7,8,9,10,12,13,14,15,16;B","BBCBBCBBBBCBBBBB",3.90240791666667,1.70536979225464,6.633455,10.3587172566966,38.4161066666667,18.0395313729491,8.114375,0.34125,4.24,1.17
"1,2,4,5,7,8,9,11,12,13,14,15,16;B","BBCBBCBBBCBBBBBB",3.8679978125,1.71275721178171,6.76332333333333,10.4662560066064,38.5687316666667,17.9852962943699,7.985625,0.3325,4.36,1.21
"1,2,4,5,7,8,10,11,12,13,14,15,16;B","BBCBBCBBCBBBBBBB",3.84443802083334,1.75025984599972,6.873105,10.5579085216822,38.6958416666667,17.932509968852,7.928125,0.325,4.43,1.25
"1,2,4,5,7,9,10,11,12,13,14,15,16;B","BBCBBCBCBBBBBBBB",3.84068260416667,1.82207087055646,6.98305666666667,10.6717674406683,38.8218383333333,17.8532339031321,7.92375,0.330625,4.54,1.29
"1,2,4,5,8,9,10,11,12,13,14,15,16;B","BBCBBCCBBBBBBBBB",3.8677,1.92987678309331,7.09154166666667,10.7771930687023,38.9458616666667,17.7447163374838,7.998125,0.33875,4.74,1.36
"1,2,4,6,7,8,9,10,11,12,13,14,15;B","BBCBCBBBBBBBBBBC",4.3496634375,2.20642290640408,5.44020166666667,10.0349256540653,36.1190383333333,17.4361772023147,9.383125,0.455,3.82,1.08
"1,2,4,6,7,8,9,10,11,12,13,14,16;B","BBCBCBBBBBBBBBCB",4.21752427083333,2.07642851149328,5.86381166666667,10.0378236657617,37.36538,17.8478619732938,9.063125,0.43375,3.87,1.08
"1,2,4,6,7,8,9,10,11,12,13,15,16;B","BBCBCBBBBBBBBCBB",4.11384770833333,1.96791251251392,6.150065,10.1194224645914,37.78632,17.9474238935731,8.761875,0.409375,3.97,1.11
"1,2,4,6,7,8,9,10,11,12,14,15,16;B","BBCBCBBBBBBBCBBB",4.03260197916667,1.88335952993749,6.35856,10.2264466199002,38.0729983333333,17.9848658546871,8.538125,0.386875,4.12,1.13
"1,2,4,6,7,8,9,10,11,13,14,15,16;B","BBCBCBBBBBBCBBBB",3.97034229166667,1.82688330649445,6.555875,10.3431228186766,38.3151416666667,17.9670017753439,8.334375,0.36875,4.25,1.15
"1,2,4,6,7,8,9,10,12,13,14,15,16;B","BBCBCBBBBBCBBBBB",3.91979635416667,1.796511365917,6.69834333333333,10.4339135951352,38.48898,17.9543448182837,8.160625,0.34875,4.33,1.18
"1,2,4,6,7,8,9,11,12,13,14,15,16;B","BBCBCBBBBCBBBBBB",3.88205697916667,1.79536512319353,6.82542833333333,10.536864741972,38.638195,17.9030145899326,8.019375,0.34,4.46,1.22
"1,2,4,6,7,8,10,11,12,13,14,15,16;B","BBCBCBBBCBBBBBBB",3.85358864583333,1.82178609801086,6.932795,10.626423901651,38.7620683333333,17.8523237838975,7.9475,0.331875,4.54,1.26
"1,2,4,6,7,9,10,11,12,13,14,15,16;B","BBCBCBBCBBBBBBBB",3.84177864583333,1.88030315818292,7.03719166666667,10.7305219271433,38.88262,17.7803166142083,7.925625,0.336875,4.64,1.3
"1,2,4,6,8,9,10,11,12,13,14,15,16;B","BBCBCBCBBBBBBBBB",3.85396072916667,1.97546717681797,7.1382,10.8268605414613,38.9980466666667,17.6807399555098,7.97625,0.343125,4.83,1.36
"1,2,4,7,8,9,10,11,12,13,14,15,16;B","BBCBCCBBBBBBBBBB",3.90470322916667,2.09201598268038,7.242335,10.9413955320686,39.120105,17.5542796928484,8.13,0.36,5.02,1.4
"1,2,5,6,7,8,9,10,11,12,13,14,15;B","BBCCBBBBBBBBBBBC",4.41996416666666,2.32253619740616,5.54292333333333,10.1697109650073,36.23801,17.2938151632237,9.61875,0.478125,3.99,1.12
"1,2,5,6,7,8,9,10,11,12,13,14,16;B","BBCCBBBBBBBBBBCB",4.28723239583333,2.19599810360295,5.96411833333333,10.1675508330556,37.47487,17.7133658020752,9.298125,0.454375,4.04,1.12
"1,2,5,6,7,8,9,10,11,12,13,15,16;B","BBCCBBBBBBBBBCBB",4.18264020833333,2.08979842740092,6.24758666666667,10.2445101020059,37.8918666666667,17.8161311603856,8.985,0.429375,4.14,1.15
"1,2,5,6,7,8,9,10,11,12,14,15,16;B","BBCCBBBBBBBBCBBB",4.10018520833333,2.00615320358889,6.45364166666667,10.3485087297318,38.1756766666667,17.8557079017492,8.76125,0.403125,4.3,1.17
"1,2,5,6,7,8,9,10,11,13,14,15,16;B","BBCCBBBBBBBCBBBB",4.03590791666667,1.94828961839367,6.64770333333333,10.4607855412415,38.41402,17.8411619928982,8.55375,0.385625,4.43,1.19
"1,2,5,6,7,8,9,10,12,13,14,15,16;B","BBCCBBBBBBCBBBBB",3.98336010416667,1.91453161604177,6.78779333333333,10.550557132766,38.585805,17.8296215050825,8.380625,0.36375,4.51,1.22
"1,2,5,6,7,8,9,11,12,13,14,15,16;B","BBCCBBBBBCBBBBBB",3.94360875,1.90743011523664,6.912895,10.6475397800713,38.7328883333333,17.7804778301636,8.248125,0.355,4.64,1.26
"1,2,5,6,7,8,10,11,12,13,14,15,16;B","BBCCBBBBCBBBBBBB",3.91099989583333,1.92406069770367,7.01484166666667,10.7318287646719,38.851285,17.7352702207206,8.149375,0.34375,4.71,1.3
"1,2,5,6,7,9,10,11,12,13,14,15,16;B","BBCCBBBCBBBBBBBB",3.89290322916666,1.97012485334197,7.11717666666667,10.8335320162984,38.9693316666667,17.665685157071,8.11125,0.346875,4.83,1.34
"1,2,5,6,8,9,10,11,12,13,14,15,16;B","BBCCBBCBBBBBBBBB",3.89497,2.05049880865752,7.21215666666667,10.9228525312544,39.077655,17.5742488170685,8.12625,0.3525,4.99,1.4
"1,2,5,7,8,9,10,11,12,13,14,15,16;B","BBCCBCBBBBBBBBBB",3.9281190625,2.15546001270984,7.30770166666667,11.0249979210389,39.19037,17.4590928658941,8.23125,0.369375,5.13,1.44
"1,2,6,7,8,9,10,11,12,13,14,15,16;B","BBCCCBBBBBBBBBBB",3.994936875,2.27052289327965,7.41057,11.1379482973948,39.3040533333333,17.3410318781218,8.416875,0.385625,5.24,1.5
"1,3,4,5,6,7,8,9,10,11,12,13,14;B","BCBBBBBBBBBBBBCC",4.85801291666667,2.34829886160997,4.38570166666667,9.26026630315289,34.495485,17.6232689833377,10.878125,0.63,3.13,0.89
"1,3,4,5,6,7,8,9,10,11,12,13,15;B","BCBBBBBBBBBBBCBC",4.74978697916667,2.2530305467897,4.582325,9.30416223639724,34.9156166666667,17.6895133375411,10.565625,0.590625,3.18,0.89
"1,3,4,5,6,7,8,9,10,11,12,13,16;B","BCBBBBBBBBBBBCCB",4.6308096875,2.22638921377761,5.08016833333333,9.36408331543504,36.3725483333333,18.1465641603023,10.2975,0.569375,3.26,0.89
"1,3,4,5,6,7,8,9,10,11,12,14,15;B","BCBBBBBBBBBBCBBC",4.66044270833333,2.17512738745896,4.72614166666667,9.37223574175871,35.1817166666667,17.7419314259097,10.306875,0.55,3.22,0.91
"1,3,4,5,6,7,8,9,10,11,12,14,16;B","BCBBBBBBBBBBCBCB",4.53665989583333,2.12665856340963,5.202915,9.4161170825452,36.56176,18.16317711814,10.02625,0.529375,3.29,0.91
"1,3,4,5,6,7,8,9,10,11,12,15,16;B","BCBBBBBBBBBBCCBB",4.45194510416667,2.10200519019952,5.53207,9.53871470497584,37.0521316666667,18.2676809989243,9.794375,0.50875,3.39,0.95
"1,3,4,5,6,7,8,9,10,11,13,14,15;B","BCBBBBBBBBBCBBBC",4.584480625,2.11323359046815,4.84797833333333,9.46156284964579,35.3675733333333,17.7419840375541,10.123125,0.51875,3.27,0.93
"1,3,4,5,6,7,8,9,10,11,13,14,16;B","BCBBBBBBBBBCBBCB",4.45846739583333,2.04636493846527,5.31281166666667,9.4969065671798,36.71193,18.1522281464407,9.8375,0.498125,3.34,0.93
"1,3,4,5,6,7,8,9,10,11,13,15,16;B","BCBBBBBBBBBCBCBB",4.36677916666667,2.00328760430606,5.627495,9.60574902133329,37.1772683333333,18.2520163990611,9.57625,0.476875,3.44,0.96
"1,3,4,5,6,7,8,9,10,11,14,15,16;B","BCBBBBBBBBBCCBBB",4.30579041666667,1.98860136895186,5.868795,9.74651184912199,37.5058766666667,18.2830081746602,9.398125,0.463125,3.59,0.99
"1,3,4,5,6,7,8,9,10,12,13,14,15;B","BCBBBBBBBBCBBBBC",4.52410260416667,2.07337711756412,4.98133833333333,9.56227568413391,35.550105,17.710077899396,9.946875,0.4975,3.38,0.97
"1,3,4,5,6,7,8,9,10,12,13,14,16;B","BCBBBBBBBBCBBBCB",4.3958890625,1.98845713429421,5.43008666666667,9.58903072492279,36.8592566666667,18.1197452504727,9.649375,0.476875,3.43,0.97
"1,3,4,5,6,7,8,9,10,12,13,15,16;B","BCBBBBBBBBCBBCBB",4.29978854166667,1.92777040386622,5.734265,9.68802018187362,37.308145,18.2163936392418,9.38375,0.455,3.53,1
"1,3,4,5,6,7,8,9,10,12,14,15,16;B","BCBBBBBBBBCBCBBB",4.23123020833333,1.8959845209101,5.965215,9.81652401714905,37.622475,18.2464842226514,9.185625,0.439375,3.69,1.01
"1,3,4,5,6,7,8,9,10,13,14,15,16;B","BCBBBBBBBBCCBBBB",4.184950625,1.89679944561094,6.17155666666667,9.95619928377882,37.8755333333333,18.2346276427289,9.014375,0.42375,3.84,1.04
"1,3,4,5,6,7,8,9,11,12,13,14,15;B","BCBBBBBBBCBBBBBC",4.47753447916667,2.05424120918305,5.08724666666667,9.63179368594245,35.6900133333333,17.6726561054542,9.779375,0.478125,3.43,0.98
"1,3,4,5,6,7,8,9,11,12,13,14,16;B","BCBBBBBBBCBBBBCB",4.34751645833333,1.9550324848342,5.523655,9.65378324053175,36.9702933333333,18.0864466958127,9.476875,0.4575,3.48,0.98
"1,3,4,5,6,7,8,9,11,12,13,15,16;B","BCBBBBBBBCBBBCBB",4.24904822916667,1.88006955113442,5.82121,9.74788744293826,37.4100033333333,18.1856885756721,9.20625,0.434375,3.59,1.01
"1,3,4,5,6,7,8,9,11,12,14,15,16;B","BCBBBBBBBCBBCBBB",4.17588208333333,1.83280698412465,6.04517166666667,9.87164740791113,37.71532,18.2150037832214,8.999375,0.415,3.76,1.02
"1,3,4,5,6,7,8,9,11,13,14,15,16;B","BCBBBBBBBCBCBBBB",4.12303291666667,1.81767134126561,6.25021166666667,10.0032355909744,37.9667433333333,18.1992375159835,8.823125,0.3975,3.91,1.04
"1,3,4,5,6,7,8,9,12,13,14,15,16;B","BCBBBBBBBCCBBBBB",4.09466947916667,1.83711095474134,6.41513666666667,10.1136322546108,38.1664116666667,18.1718148761423,8.70875,0.38625,3.99,1.09
"1,3,4,5,6,7,8,10,11,12,13,14,15;B","BCBBBBBBCBBBBBBC",4.4395278125,2.05444954767052,5.18605333333333,9.7281345868379,35.80963,17.6208892480614,9.67,0.46625,3.57,0.99
"1,3,4,5,6,7,8,10,11,12,13,14,16;B","BCBBBBBBCBBBBBCB",4.30880729166667,1.94380341502911,5.61963833333333,9.74351417174151,37.07867,18.0351601942268,9.360625,0.44625,3.62,0.99
"1,3,4,5,6,7,8,10,11,12,13,15,16;B","BCBBBBBBCBBBBCBB",4.20847395833333,1.85708376628907,5.91274,9.83350155624,37.5111516666667,18.1352696736329,9.07625,0.421875,3.73,1.02
"1,3,4,5,6,7,8,10,11,12,14,15,16;B","BCBBBBBBCBBBCBBB",4.13273489583333,1.79737044823341,6.13249333333333,9.95477853988726,37.81268,18.1661461421987,8.86375,0.401875,3.9,1.03
"1,3,4,5,6,7,8,10,11,13,14,15,16;B","BCBBBBBBCBBCBBBB",4.075910625,1.76918917357672,6.33474833333333,10.0775638331091,38.0612833333333,18.1492183835149,8.68,0.385,4.05,1.05
"1,3,4,5,6,7,8,10,12,13,14,15,16;B","BCBBBBBBCBCBBBBB",4.03835802083333,1.77384215783227,6.49016833333333,10.1809009640872,38.25096,18.1241648206691,8.549375,0.3725,4.13,1.1
"1,3,4,5,6,7,8,11,12,13,14,15,16;B","BCBBBBBBCCBBBBBB",4.02193458333333,1.81339448938371,6.63440666666667,10.3118005407987,38.4204733333333,18.0618204816643,8.4825,0.366875,4.28,1.14
"1,3,4,5,6,7,9,10,11,12,13,14,15;B","BCBBBBBCBBBBBBBC",4.41486947916667,2.07695693804508,5.26469,9.82154916146824,35.9132283333333,17.5683384252413,9.595,0.456875,3.61,1
"1,3,4,5,6,7,9,10,11,12,13,14,16;B","BCBBBBBCBBBBBBCB",4.28346489583333,1.95819506562458,5.69509666666667,9.83231962387404,37.1713233333333,17.9823678821422,9.28625,0.436875,3.66,1
"1,3,4,5,6,7,9,10,11,12,13,15,16;B","BCBBBBBCBBBBBCBB",4.1816859375,1.86250127231177,5.98426166666667,9.919116666438,37.5985016666667,18.0827324131656,8.994375,0.41125,3.76,1.03
"1,3,4,5,6,7,9,10,11,12,14,15,16;B","BCBBBBBCBBBBCBBB",4.10384802083333,1.79308339966623,6.201465,10.0386035972248,37.895495,18.1157822844728,8.779375,0.390625,3.93,1.04
"1,3,4,5,6,7,9,10,11,13,14,15,16;B","BCBBBBBCBBBCBBBB",4.0452971875,1.75434826030656,6.403655,10.1588526477987,38.1432066666667,18.0978716652862,8.58625,0.374375,4.08,1.06
"1,3,4,5,6,7,9,10,12,13,14,15,16;B","BCBBBBBCBBCBBBBB",4.00313875,1.74696060958778,6.55507,10.2577039752658,38.3278433333333,18.0746514887652,8.443125,0.359375,4.16,1.09
"1,3,4,5,6,7,9,11,12,13,14,15,16;B","BCBBBBBCBCBBBBBB",3.9783471875,1.773507797309,6.69480333333333,10.38148408435,38.4917416666667,18.0134587220377,8.34625,0.351875,4.3,1.13
"1,3,4,5,6,7,10,11,12,13,14,15,16;B","BCBBBBBCCBBBBBBB",3.97049760416667,1.8306931469164,6.81129833333333,10.4810934245453,38.6275583333333,17.9554993357193,8.330625,0.346875,4.36,1.18
"1,3,4,5,6,8,9,10,11,12,13,14,15;B","BCBBBBCBBBBBBBBC",4.39208677083333,2.11711856688882,5.338345,9.91464765392355,36.0034133333333,17.5083118642683,9.518125,0.46125,3.7,1.05
"1,3,4,5,6,8,9,10,11,12,13,14,16;B","BCBBBBCBBBBBBBCB",4.26035979166667,1.99266822349061,5.76716166666667,9.92194810112905,37.25635,17.9228997743737,9.21125,0.441875,3.75,1.05
"1,3,4,5,6,8,9,10,11,12,13,15,16;B","BCBBBBCBBBBBBCBB",4.15750375,1.89058208418647,6.05476833333333,10.0051431897033,37.6793333333333,18.0241178207327,8.910625,0.41875,3.85,1.08
"1,3,4,5,6,8,9,10,11,12,14,15,16;B","BCBBBBCBBBBBCBBB",4.07786322916667,1.81373188969415,6.26721333333333,10.1183290882085,37.970825,18.0592472000507,8.69375,0.39625,4.01,1.1
"1,3,4,5,6,8,9,10,11,13,14,15,16;B","BCBBBBCBBBBCBBBB",4.0173715625,1.76672335398251,6.46579666666667,10.2355490734024,38.2147166666667,18.0418496057884,8.483125,0.37625,4.14,1.12
"1,3,4,5,6,8,9,10,12,13,14,15,16;B","BCBBBBCBBBCBBBBB",3.97144625,1.74945401743521,6.61435333333333,10.3330573172952,38.3954166666667,18.0210933499931,8.33,0.360625,4.22,1.15
"1,3,4,5,6,8,9,11,12,13,14,15,16;B","BCBBBBCBBCBBBBBB",3.94035302083333,1.76420777934935,6.74813166666667,10.4463318873122,38.5521416666667,17.9643929171662,8.211875,0.351875,4.34,1.19
"1,3,4,5,6,8,10,11,12,13,14,15,16;B","BCBBBBCBCBBBBBBB",3.92209708333333,1.80884872085304,6.86012166666667,10.5389102535065,38.6825216666667,17.9094645488826,8.1725,0.344375,4.4,1.23
"1,3,4,5,6,9,10,11,12,13,14,15,16;B","BCBBBBCCBBBBBBBB",3.924724375,1.88497602382245,6.97021333333333,10.6589871412531,38.808585,17.8320297174165,8.19625,0.35125,4.54,1.27
"1,3,4,5,7,8,9,10,11,12,13,14,15;B","BCBBBCBBBBBBBBBC",4.38998447916667,2.18799852415954,5.417335,10.0117314493211,36.0972266666667,17.4216563218685,9.54625,0.47125,3.77,1.06
"1,3,4,5,7,8,9,10,11,12,13,14,16;B","BCBBBCBBBBBBBBCB",4.25779364583333,2.06106873186823,5.84322333333333,10.0147657412591,37.3427416666667,17.8399521038263,9.236875,0.449375,3.82,1.06
"1,3,4,5,7,8,9,10,11,12,13,15,16;B","BCBBBCBBBBBBBCBB",4.154278125,1.95575487236835,6.13032666666667,10.0954376753686,37.7634116666667,17.9428073017056,8.94,0.425625,3.92,1.09
"1,3,4,5,7,8,9,10,11,12,14,15,16;B","BCBBBCBBBBBBCBBB",4.07269552083333,1.87401139129633,6.33929666666667,10.2042049947151,38.0506933333333,17.9807137345464,8.7125,0.40375,4.07,1.11
"1,3,4,5,7,8,9,10,11,13,14,15,16;B","BCBBBCBBBBBCBBBB",4.01083572916667,1.82102463714657,6.53659666666667,10.3198260837265,38.2931066666667,17.9648858556198,8.50125,0.385625,4.2,1.13
"1,3,4,5,7,8,9,10,12,13,14,15,16;B","BCBBBCBBBBCBBBBB",3.9624446875,1.79544119437631,6.683035,10.4138587391857,38.4713983333333,17.9466956019043,8.34,0.36875,4.28,1.16
"1,3,4,5,7,8,9,11,12,13,14,15,16;B","BCBBBCBBBCBBBBBB",3.92666104166667,1.79898752494809,6.81210666666667,10.5213295441817,38.622835,17.8936349818419,8.205625,0.358125,4.4,1.2
"1,3,4,5,7,8,10,11,12,13,14,15,16;B","BCBBBCBBCBBBBBBB",3.90121916666667,1.83092698192018,6.92012833333333,10.6102749128806,38.7478833333333,17.8437091119185,8.14,0.350625,4.47,1.24
"1,3,4,5,7,9,10,11,12,13,14,15,16;B","BCBBBCBCBBBBBBBB",3.89429364583333,1.89507197526434,7.027515,10.7224446440902,38.8710183333333,17.7683674255054,8.13125,0.355,4.6,1.28
"1,3,4,5,8,9,10,11,12,13,14,15,16;B","BCBBBCCBBBBBBBBB",3.91810114583333,1.99519020621071,7.13605333333333,10.8283605226012,38.9941216666667,17.6603770149182,8.199375,0.363125,4.8,1.35
"1,3,4,6,7,8,9,10,11,12,13,14,15;B","BCBBCBBBBBBBBBBC",4.40332239583333,2.27641129984561,5.490575,10.0992030036784,36.1820033333333,17.3329808412308,9.57625,0.48375,3.85,1.08
"1,3,4,6,7,8,9,10,11,12,13,14,16;B","BCBBCBBBBBBBBBCB",4.27072145833333,2.14981471763894,5.91365333333333,10.0997490382241,37.4209566666667,17.7559871136897,9.26125,0.46,3.9,1.08
"1,3,4,6,7,8,9,10,11,12,13,15,16;B","BCBBCBBBBBBBBCBB",4.16644208333333,2.04386170071786,6.19856,10.1779418858657,37.839275,17.8595141063651,8.956875,0.435,4,1.11
"1,3,4,6,7,8,9,10,11,12,14,15,16;B","BCBBCBBBBBBBCBBB",4.08417875,1.960635467967,6.40627166666667,10.2831449983279,38.12517,17.8977713058105,8.7275,0.411875,4.15,1.13
"1,3,4,6,7,8,9,10,11,13,14,15,16;B","BCBBCBBBBBBCBBBB",4.02098708333333,1.9041116437884,6.60200833333333,10.3955757798188,38.3657383333333,17.881950065229,8.52,0.393125,4.28,1.14
"1,3,4,6,7,8,9,10,12,13,14,15,16;B","BCBBCBBBBBCBBBBB",3.96990833333333,1.87266193640368,6.745405,10.4865440502965,38.54071,17.8669387495245,8.3475,0.375,4.37,1.17
"1,3,4,6,7,8,9,11,12,13,14,15,16;B","BCBBCBBBBCBBBBBB",3.930750625,1.86809440251407,6.87131833333333,10.5896734661319,38.6886833333333,17.8169005414894,8.199375,0.364375,4.5,1.21
"1,3,4,6,7,8,10,11,12,13,14,15,16;B","BCBBCBBBCBBBBBBB",3.9007459375,1.89002113935121,6.977695,10.6777194738318,38.8113083333333,17.7676599084752,8.120625,0.35625,4.58,1.25
"1,3,4,6,7,9,10,11,12,13,14,15,16;B","BCBBCBBCBBBBBBBB",3.8864846875,1.94208205951501,7.0803,10.7799693447058,38.9297716666667,17.6984742263649,8.098125,0.36,4.7,1.29
"1,3,4,6,8,9,10,11,12,13,14,15,16;B","BCBBCBCBBBBBBBBB",3.8957253125,2.03015202753118,7.18083833333333,10.8756258468119,39.0441016666667,17.5999968309233,8.1475,0.365,4.89,1.35
"1,3,4,7,8,9,10,11,12,13,14,15,16;B","BCBBCCBBBBBBBBBB",3.94006197916667,2.14030300616483,7.28098833333333,10.9848108703774,39.1618116666667,17.4806398341546,8.281875,0.380625,5.07,1.39
"1,3,5,6,7,8,9,10,11,12,13,14,15;B","BCBCBBBBBBBBBBBC",4.453695625,2.38570427971885,5.58452,10.2202338644074,36.29145,17.2043079181005,9.743125,0.500625,4.02,1.12
"1,3,5,6,7,8,9,10,11,12,13,14,16;B","BCBCBBBBBBBBBBCB",4.32061583333333,2.26129713579233,6.00530833333333,10.2161969373053,37.5227416666667,17.6327068972427,9.426875,0.475,4.07,1.12
"1,3,5,6,7,8,9,10,11,12,13,15,16;B","BCBCBBBBBBBBBCBB",4.21553385416667,2.15669136973906,6.28741666666667,10.2902027670508,37.9371366666667,17.7396260802758,9.110625,0.45,4.17,1.15
"1,3,5,6,7,8,9,10,11,12,14,15,16;B","BCBCBBBBBBBBCBBB",4.13226020833333,2.07372963119422,6.49308166666667,10.3928584097998,38.2205566666667,17.7793595243776,8.881875,0.423125,4.33,1.17
"1,3,5,6,7,8,9,10,11,13,14,15,16;B","BCBCBBBBBBBCBBBB",4.0671584375,2.01545370445369,6.6856,10.5013299284595,38.4570066666667,17.767568294803,8.669375,0.404375,4.46,1.18
"1,3,5,6,7,8,9,10,12,13,14,15,16;B","BCBCBBBBBBCBBBBB",4.01418635416667,1.98057105738146,6.82668833333333,10.5916945236422,38.62995,17.75370060164,8.496875,0.385,4.55,1.21
"1,3,5,6,7,8,9,11,12,13,14,15,16;B","BCBCBBBBBCBBBBBB",3.97314135416667,1.97042803060666,6.9507,10.6892315480684,38.7758733333333,17.7058571814724,8.356875,0.375,4.68,1.25
"1,3,5,6,7,8,10,11,12,13,14,15,16;B","BCBCBBBBCBBBBBBB",3.93901520833333,1.98316603846848,7.05191166666667,10.7722189140506,38.8932433333333,17.6618818960558,8.254375,0.364375,4.75,1.29
"1,3,5,6,7,9,10,11,12,13,14,15,16;B","BCBCBBBCBBBBBBBB",3.91892885416667,2.0238999993528,7.152665,10.8714567767832,39.0096533333333,17.5943741548892,8.2125,0.368125,4.87,1.33
"1,3,5,6,8,9,10,11,12,13,14,15,16;B","BCBCBBCBBBBBBBBB",3.9190909375,2.09845542603416,7.24765833333333,10.9609355201709,39.1174866666667,17.5032623029744,8.2275,0.373125,5.04,1.39
"1,3,5,7,8,9,10,11,12,13,14,15,16;B","BCBCBCBBBBBBBBBB",3.94638916666667,2.19700590289477,7.34032833333333,11.0600600727508,39.22615,17.3950274979214,8.31375,0.389375,5.17,1.43
"1,3,6,7,8,9,10,11,12,13,14,15,16;B","BCBCCBBBBBBBBBBB",4.00594,2.30967683118704,7.44186666666667,11.1704483405721,39.3381383333333,17.2792028517388,8.485,0.404375,5.28,1.49
"1,4,5,6,7,8,9,10,11,12,13,14,15;B","BCCBBBBBBBBBBBBC",4.5439015625,2.49552513100731,5.67764,10.3418844558872,36.400375,17.0548609067486,9.986875,0.541875,4.14,1.21
"1,4,5,6,7,8,9,10,11,12,13,14,16;B","BCCBBBBBBBBBBBCB",4.41050416666667,2.37560446436387,6.09844333333333,10.3333376923226,37.626585,17.4859127516354,9.665625,0.515625,4.19,1.21
"1,4,5,6,7,8,9,10,11,12,13,15,16;B","BCCBBBBBBBBBBCBB",4.30476958333333,2.27441004412968,6.37884666666667,10.4035299266902,38.0378033333333,17.5961169885469,9.345,0.488125,4.29,1.24
"1,4,5,6,7,8,9,10,11,12,14,15,16;B","BCCBBBBBBBBBCBBB",4.2202390625,2.19324982970747,6.58142,10.5019460119194,38.31781,17.6391116325447,9.110625,0.46125,4.45,1.26
"1,4,5,6,7,8,9,10,11,13,14,15,16;B","BCCBBBBBBBBCBBBB",4.15410916666667,2.13526542243408,6.77246333333333,10.6094396164505,38.55195,17.6295356882617,8.88625,0.444375,4.58,1.28
"1,4,5,6,7,8,9,10,12,13,14,15,16;B","BCCBBBBBBBCBBBBB",4.10009458333333,2.09891186913949,6.911705,10.6965802184743,38.7232883333333,17.6172032459972,8.705,0.42375,4.67,1.31
"1,4,5,6,7,8,9,11,12,13,14,15,16;B","BCCBBBBBBCBBBBBB",4.05605322916667,2.0839755920907,7.03299166666667,10.7909362253366,38.866205,17.5725126790977,8.5625,0.41625,4.79,1.35
"1,4,5,6,7,8,10,11,12,13,14,15,16;B","BCCBBBBBCBBBBBBB",4.01956885416667,2.09006445803072,7.13171,10.870581500193,38.9805216666667,17.532282755108,8.468125,0.40375,4.86,1.39
"1,4,5,6,7,9,10,11,12,13,14,15,16;B","BCCBBBBCBBBBBBBB",3.99656552083333,2.12236691727217,7.23090333333333,10.9683747255239,39.0954283333333,17.4656727640292,8.421875,0.4075,4.98,1.43
"1,4,5,6,8,9,10,11,12,13,14,15,16;B","BCCBBBCBBBBBBBBB",3.98964729166667,2.1846249758368,7.32146,11.05096301797,39.19807,17.3813939891266,8.419375,0.413125,5.15,1.48
"1,4,5,7,8,9,10,11,12,13,14,15,16;B","BCCBBCBBBBBBBBBB",4.007345,2.27184189834788,7.40887333333333,11.1436628377592,39.3007233333333,17.2819851422113,8.488125,0.425,5.29,1.52
"1,4,6,7,8,9,10,11,12,13,14,15,16;B","BCCBCBBBBBBBBBBB",4.0476415625,2.37457184245103,7.50103833333333,11.2437514884172,39.401485,17.181356278136,8.60875,0.431875,5.4,1.58
"1,5,6,7,8,9,10,11,12,13,14,15,16;B","BCCCBBBBBBBBBBBB",4.13319947916667,2.48962910169126,7.60834833333333,11.3649952916066,39.5168933333333,17.0353104598126,8.8975,0.463125,5.55,1.64
"2,3,4,5,6,7,8,9,10,11,12,13,14;B","CBBBBBBBBBBBBBCC",4.98167354166667,2.41804639677532,4.44827,9.36151050641203,34.5721733333333,17.4916435824059,11.231875,0.669375,3.24,0.92
"2,3,4,5,6,7,8,9,10,11,12,13,15;B","CBBBBBBBBBBBBCBC",4.8729171875,2.32691015172137,4.64362666666667,9.40372183654218,34.990075,17.5605007182037,10.915625,0.63125,3.29,0.92
"2,3,4,5,6,7,8,9,10,11,12,13,16;B","CBBBBBBBBBBBBCCB",4.75361645833333,2.30387792580112,5.13941333333333,9.45906390895603,36.4418316666667,18.0239537433219,10.64875,0.60875,3.37,0.92
"2,3,4,5,6,7,8,9,10,11,12,14,15;B","CBBBBBBBBBBBCBBC",4.78254770833333,2.25179095870655,4.78656666666667,9.46944583779283,35.25462,17.6150805730571,10.65375,0.589375,3.33,0.94
"2,3,4,5,6,7,8,9,10,11,12,14,16;B","CBBBBBBBBBBBCBCB",4.65844104166667,2.20798194390764,5.26099833333333,9.50931049239762,36.6294816666667,18.0428857875611,10.375,0.5675,3.4,0.94
"2,3,4,5,6,7,8,9,10,11,12,15,16;B","CBBBBBBBBBBBCCBB",4.5727509375,2.18587283075705,5.587765,9.62837281452713,37.1153133333333,18.1544234410663,10.139375,0.545,3.5,0.98
"2,3,4,5,6,7,8,9,10,11,13,14,15;B","CBBBBBBBBBBCBBBC",4.70525604166667,2.19135187421819,4.90719,9.55659391830053,35.4385366666667,17.6178964678794,10.460625,0.555,3.38,0.96
"2,3,4,5,6,7,8,9,10,11,13,14,16;B","CBBBBBBBBBBCBBCB",4.57890822916667,2.1300799517512,5.36982666666667,9.5881531505311,36.77754,18.0351279226923,10.176875,0.533125,3.45,0.96
"2,3,4,5,6,7,8,9,10,11,13,15,16;B","CBBBBBBBBBBCBCBB",4.48635645833333,2.09059317566906,5.68224666666667,9.69382904315803,37.238725,18.1414123497018,9.9125,0.51,3.55,0.99
"2,3,4,5,6,7,8,9,10,11,14,15,16;B","CBBBBBBBBBBCCBBB",4.42451072916667,2.07717029040944,5.92293333333333,9.8312662374027,37.5660533333333,18.1737085906168,9.73,0.495625,3.7,1.02
"2,3,4,5,6,7,8,9,10,12,13,14,15;B","CBBBBBBBBBCBBBBC",4.6435325,2.15112170867158,5.03937833333333,9.65485311725328,35.6194383333333,17.5879649712569,10.279375,0.534375,3.49,1
"2,3,4,5,6,7,8,9,10,12,13,14,16;B","CBBBBBBBBBCBBBCB",4.51499197916667,2.07266108933269,5.48597666666667,9.6781064021629,36.9233583333333,18.0047270179555,9.98375,0.5125,3.54,1
"2,3,4,5,6,7,8,9,10,12,13,15,16;B","CBBBBBBBBBCBBCBB",4.41805604166667,2.01649020136362,5.78789166666667,9.77418998380275,37.368315,18.1075508708251,9.715,0.48875,3.64,1.03
"2,3,4,5,6,7,8,9,10,12,14,15,16;B","CBBBBBBBBBCBCBBB",4.3487209375,1.98689599988124,6.01825166666667,9.89963495755182,37.68155,18.1386855599969,9.513125,0.4725,3.8,1.04
"2,3,4,5,6,7,8,9,10,13,14,15,16;B","CBBBBBBBBBCCBBBB",4.30155322916667,1.98730276795063,6.22306333333333,10.0368043826592,37.9334016666667,18.1280976750358,9.341875,0.455,3.95,1.07
"2,3,4,5,6,7,8,9,11,12,13,14,15;B","CBBBBBBBBCBBBBBC",4.59522364583333,2.13002328456454,5.14421,9.72240298595031,35.7577033333333,17.5528004528915,10.105625,0.51125,3.53,1.01
"2,3,4,5,6,7,8,9,11,12,13,14,16;B","CBBBBBBBBCBBBBCB",4.46491354166667,2.03785652328743,5.57888333333333,9.74099676392776,37.03331,17.9729322505923,9.805625,0.489375,3.58,1.01
"2,3,4,5,6,7,8,9,11,12,13,15,16;B","CBBBBBBBBCBBBCBB",4.3656871875,1.96808716486872,5.87466,9.83267376197892,37.4695983333333,18.0774737878409,9.531875,0.464375,3.69,1.04
"2,3,4,5,6,7,8,9,11,12,14,15,16;B","CBBBBBBBBCBBCBBB",4.29188395833333,1.92390555271551,6.09807666666667,9.95354078475393,37.7741433333333,18.1072681470387,9.320625,0.444375,3.86,1.05
"2,3,4,5,6,7,8,9,11,13,14,15,16;B","CBBBBBBBBCBCBBBB",4.23827135416667,1.90921335045346,6.30171,10.0828502896203,38.0245266666667,18.0924498158452,9.144375,0.425,4.01,1.07
"2,3,4,5,6,7,8,9,12,13,14,15,16;B","CBBBBBBBBCCBBBBB",4.20896760416667,1.92645688922119,6.46583333333333,10.191121619734,38.2232083333333,18.0659704108383,9.031875,0.41125,4.09,1.12
"2,3,4,5,6,7,8,10,11,12,13,14,15;B","CBBBBBBBCBBBBBBC",4.55486989583333,2.1267571296482,5.2417,9.81705760765451,35.8758533333333,17.5028771812112,9.98375,0.5,3.67,1.02
"2,3,4,5,6,7,8,10,11,12,13,14,16;B","CBBBBBBBCBBBBBCB",4.42387854166667,2.02338376713145,5.67377166666667,9.82921081079488,37.14056,17.9230413709045,9.678125,0.47875,3.72,1.02
"2,3,4,5,6,7,8,10,11,12,13,15,16;B","CBBBBBBBCBBBBCBB",4.32287989583333,1.94225373132591,5.96541833333333,9.91690139310377,37.5701816666667,18.0274812643414,9.39,0.4525,3.83,1.05
"2,3,4,5,6,7,8,10,11,12,14,15,16;B","CBBBBBBBCBBBCBBB",4.2465490625,1.88618838596461,6.184625,10.0353790421889,37.8709366666667,18.0588674642699,9.1725,0.431875,4,1.06
"2,3,4,5,6,7,8,10,11,13,14,15,16;B","CBBBBBBBCBBCBBBB",4.18896375,1.85907915121732,6.38547333333333,10.1560301722538,38.1185,18.0429061593205,8.98875,0.413125,4.15,1.08
"2,3,4,5,6,7,8,10,12,13,14,15,16;B","CBBBBBBBCBCBBBBB",4.150629375,1.86236622056865,6.54025166666667,10.2572451274958,38.3073366666667,18.0185918374653,8.86,0.398125,4.23,1.13
"2,3,4,5,6,7,8,11,12,13,14,15,16;B","CBBBBBBBCCBBBBBB",4.1311675,1.89759685627472,6.68084833333333,10.3829055526001,38.4728266666667,17.962921155265,8.78125,0.393125,4.4,1.17
"2,3,4,5,6,7,9,10,11,12,13,14,15;B","CBBBBBBCBBBBBBBC",4.527533125,2.14443689428612,5.31917166666667,9.90686581599987,35.97805,17.4523083670203,9.905,0.488125,3.71,1.03
"2,3,4,5,6,7,9,10,11,12,13,14,16;B","CBBBBBBCBBBBBBCB",4.39585708333333,2.03283264166582,5.74811833333333,9.9145510845584,37.2318016666667,17.8723826475105,9.598125,0.4675,3.76,1.03
"2,3,4,5,6,7,9,10,11,12,13,15,16;B","CBBBBBBCBBBBBCBB",4.29337666666667,1.94274155186789,6.03582833333333,9.99919132935421,37.6559216666667,17.9775494304237,9.30375,0.44,3.86,1.06
"2,3,4,5,6,7,9,10,11,12,14,15,16;B","CBBBBBBCBBBBCBBB",4.21496135416667,1.87721274166103,6.252525,10.1159816772281,37.9521816666667,18.0110800327543,9.083125,0.41875,4.03,1.07
"2,3,4,5,6,7,9,10,11,13,14,15,16;B","CBBBBBBCBBBCBBBB",4.15561010416667,1.83989193501517,6.45305666666667,10.2339838766864,38.198515,17.9948437950241,8.890625,0.400625,4.18,1.09
"2,3,4,5,6,7,9,10,12,13,14,15,16;B","CBBBBBBCBBCBBBBB",4.11259416666667,1.83166192982483,6.60368,10.3307904630706,38.3821616666667,17.9727264422172,8.74875,0.38375,4.26,1.12
"2,3,4,5,6,7,9,11,12,13,14,15,16;B","CBBBBBBCBCBBBBBB",4.08477458333333,1.85428497262357,6.73967833333333,10.449430904038,38.5419433333333,17.918485596738,8.640625,0.376875,4.42,1.16
"2,3,4,5,6,7,10,11,12,13,14,15,16;B","CBBBBBBCCBBBBBBB",4.07498885416667,1.9061791464991,6.85432166666667,10.5461155811419,38.675795,17.863444795652,8.6175,0.368125,4.48,1.21
"2,3,4,5,6,8,9,10,11,12,13,14,15;B","CBBBBBCBBBBBBBBC",4.5025934375,2.17900065285999,5.39298333333333,9.99749236762108,36.06828,17.3913307014974,9.81875,0.49375,3.8,1.08
"2,3,4,5,6,8,9,10,11,12,13,14,16;B","CBBBBBCBBBBBBBCB",4.370614375,2.06130618527139,5.82035333333333,10.0017729266805,37.3171833333333,17.8115233999002,9.513125,0.47375,3.85,1.08
"2,3,4,5,6,8,9,10,11,12,13,15,16;B","CBBBBBCBBBBBBCBB",4.26706885416667,1.96456664930743,6.106505,10.0828918837396,37.7372366666667,17.9173339585704,9.21,0.44875,3.95,1.11
"2,3,4,5,6,8,9,10,11,12,14,15,16;B","CBBBBBCBBBBBCBBB",4.1868675,1.89155421212597,6.31844333333333,10.1935008069081,38.027995,17.952973788363,8.986875,0.425625,4.11,1.13
"2,3,4,5,6,8,9,10,11,13,14,15,16;B","CBBBBBCBBBBCBBBB",4.12558052083333,1.8461214235818,6.51536833333333,10.3085626188239,38.2705083333333,17.9372684560017,8.776875,0.40375,4.24,1.15
"2,3,4,5,6,8,9,10,12,13,14,15,16;B","CBBBBBCBBBCBBBBB",4.07886166666667,1.82843985035735,6.66313333333333,10.4040857313094,38.4502183333333,17.9176418231388,8.62625,0.38625,4.32,1.18
"2,3,4,5,6,8,9,11,12,13,14,15,16;B","CBBBBBCBBCBBBBBB",4.04479916666667,1.83968718709902,6.7931,10.5124246778929,38.6027766666667,17.868048503941,8.496875,0.378125,4.46,1.22
"2,3,4,5,6,8,10,11,12,13,14,15,16;B","CBBBBBCBCBBBBBBB",4.0244875,1.87951939945434,6.90346333333333,10.6024753990337,38.7310483333333,17.8163788245472,8.449375,0.366875,4.52,1.26
"2,3,4,5,6,9,10,11,12,13,14,15,16;B","CBBBBBCCBBBBBBBB",4.02452927083333,1.9499318793166,7.012835,10.720781225421,38.8563466666667,17.7396467694357,8.455625,0.373125,4.66,1.3
"2,3,4,5,7,8,9,10,11,12,13,14,15;B","CBBBBCBBBBBBBBBC",4.49465416666667,2.24125026997301,5.469075,10.0905178770594,36.15835,17.310729916669,9.82875,0.5,3.87,1.09
"2,3,4,5,7,8,9,10,11,12,13,14,16;B","CBBBBCBBBBBBBBCB",4.3622078125,2.12030012917745,5.89359166666667,10.0907314993367,37.3997766666667,17.7349524111582,9.520625,0.4775,3.92,1.09
"2,3,4,5,7,8,9,10,11,12,13,15,16;B","CBBBBCBBBBBBBCBB",4.25808875,2.01969845969103,6.17937833333333,10.1694900732386,37.8182316666667,17.8410722730846,9.221875,0.451875,4.02,1.12
"2,3,4,5,7,8,9,10,11,12,14,15,16;B","CBBBBCBBBBBBCBBB",4.17603260416667,1.94143837088085,6.38802,10.2757776524436,38.1049616666667,17.879234222669,8.98875,0.429375,4.17,1.14
"2,3,4,5,7,8,9,10,11,13,14,15,16;B","CBBBBCBBBBBCBBBB",4.11349916666667,1.89000895974615,6.58430833333333,10.3892937701212,38.3466433333333,17.8639614792926,8.77875,0.409375,4.3,1.16
"2,3,4,5,7,8,9,10,12,13,14,15,16;B","CBBBBCBBBBCBBBBB",4.06443083333333,1.86437112189537,6.73026666666667,10.4818105829829,38.5242566666667,17.8463977132246,8.619375,0.390625,4.38,1.19
"2,3,4,5,7,8,9,11,12,13,14,15,16;B","CBBBBCBBBCBBBBBB",4.02598854166667,1.86509540271615,6.85580166666667,10.5848360649408,38.67191,17.7997654230839,8.47625,0.380625,4.52,1.23
"2,3,4,5,7,8,10,11,12,13,14,15,16;B","CBBBBCBBCBBBBBBB",3.99888447916667,1.89316383336102,6.96244833333333,10.671441201182,38.7951866666667,17.7525192585679,8.40375,0.37,4.59,1.27
"2,3,4,5,7,9,10,11,12,13,14,15,16;B","CBBBBCBCBBBBBBBB",3.98961552083333,1.95200755322771,7.06857,10.7820132011281,38.9170116666667,17.6789925061017,8.379375,0.37375,4.72,1.31
"2,3,4,5,8,9,10,11,12,13,14,15,16;B","CBBBBCCBBBBBBBBB",4.0087953125,2.04438943789956,7.17299166666667,10.8828033922437,39.03587,17.5786499122195,8.431875,0.376875,4.92,1.38
"2,3,4,6,7,8,9,10,11,12,13,14,15;B","CBBBCBBBBBBBBBBC",4.49916166666667,2.32085076045809,5.53882666666667,10.1724055549036,36.2390933333333,17.2286615089225,9.820625,0.51,3.95,1.11
"2,3,4,6,7,8,9,10,11,12,13,14,16;B","CBBBCBBBBBBBBBCB",4.36629385416667,2.1991876418373,5.96053,10.1703611412611,37.4737766666667,17.6581648969153,9.50625,0.485625,4,1.11
"2,3,4,6,7,8,9,10,11,12,13,15,16;B","CBBBCBBBBBBBBCBB",4.26144989583333,2.09711435167907,6.244155,10.2468084632842,37.88995,17.7649167947495,9.20125,0.45875,4.1,1.14
"2,3,4,6,7,8,9,10,11,12,14,15,16;B","CBBBCBBBBBBBCBBB",4.17877166666667,2.01673516362039,6.45153833333333,10.3497050827953,38.1752933333333,17.8034902837907,8.96625,0.435,4.25,1.16
"2,3,4,6,7,8,9,10,11,13,14,15,16;B","CBBBCBBBBBBCBBBB",4.1149284375,1.96145924305156,6.64628666666667,10.4601904429556,38.4151533333333,17.7882472497202,8.759375,0.414375,4.38,1.17
"2,3,4,6,7,8,9,10,12,13,14,15,16;B","CBBBCBBBBBCBBBBB",4.06317479166667,1.92997359650744,6.789265,10.5499014079949,38.5895083333333,17.7738126049641,8.588125,0.394375,4.47,1.2
"2,3,4,6,7,8,9,11,12,13,14,15,16;B","CBBBCBBBBCBBBBBB",4.02163125,1.92302091725325,6.91186,10.6488813725023,38.734165,17.7294704258644,8.431875,0.384375,4.61,1.24
"2,3,4,6,7,8,10,11,12,13,14,15,16;B","CBBBCBBBCBBBBBBB",3.99004177083333,1.94172331879265,7.01702166666667,10.7351406813567,38.8551016666667,17.6828356069274,8.348125,0.373125,4.69,1.28
"2,3,4,6,7,9,10,11,12,13,14,15,16;B","CBBBCBBCBBBBBBBB",3.97359395833333,1.98912639904621,7.11804666666667,10.8356675633083,38.97194,17.616286618185,8.310625,0.37625,4.81,1.32
"2,3,4,6,8,9,10,11,12,13,14,15,16;B","CBBBCBCBBBBBBBBB",3.97907927083333,2.07042711632836,7.21521,10.9267487202376,39.0828333333333,17.5239170061646,8.346875,0.376875,5,1.38
"2,3,4,7,8,9,10,11,12,13,14,15,16;B","CBBBCCBBBBBBBBBB",4.01632052083333,2.1744527909885,7.31266333333333,11.0337858001185,39.19729,17.4104197420432,8.463125,0.39125,5.17,1.42
"2,3,5,6,7,8,9,10,11,12,13,14,15;B","CBBCBBBBBBBBBBBC",4.53613145833333,2.42236598297904,5.62692333333333,10.2781831681988,36.3414833333333,17.1119734392455,9.959375,0.52375,4.1,1.14
"2,3,5,6,7,8,9,10,11,12,13,14,16;B","CBBCBBBBBBBBBBCB",4.40285270833333,2.30184918772799,6.04657333333333,10.2717954944921,37.5695916666667,17.5450469207241,9.643125,0.4975,4.15,1.14
"2,3,5,6,7,8,9,10,11,12,13,15,16;B","CBBCBBBBBBBBBCBB",4.29728958333333,2.20024756500705,6.32752,10.3443246242841,37.9821266666667,17.6548294953838,9.325,0.47125,4.25,1.17
"2,3,5,6,7,8,9,10,11,12,14,15,16;B","CBBCBBBBBBBBCBBB",4.2136178125,2.11935442212059,6.53302166666667,10.4450300231617,38.26516,17.6946839528643,9.09,0.44375,4.41,1.19
"2,3,5,6,7,8,9,10,11,13,14,15,16;B","CBBCBBBBBBBCBBBB",4.14801322916667,2.06192178794906,6.72488666666667,10.5518084020328,38.5012366666667,17.6829408265975,8.876875,0.423125,4.54,1.2
"2,3,5,6,7,8,9,10,12,13,14,15,16;B","CBBCBBBBBBCBBBBB",4.09454135416667,2.02688721999406,6.86569833333333,10.6410977894249,38.673705,17.6694292172251,8.70625,0.401875,4.63,1.23
"2,3,5,6,7,8,9,11,12,13,14,15,16;B","CBBCBBBBBCBBBBBB",4.05139072916667,2.01470145775938,6.98696333333333,10.7369390816246,38.8168833333333,17.6262652620138,8.554375,0.3925,4.77,1.27
"2,3,5,6,7,8,10,11,12,13,14,15,16;B","CBBCBBBBCBBBBBBB",4.0159971875,2.02487438517972,7.08723833333333,10.8185314523495,38.9328433333333,17.5844755071059,8.445,0.37875,4.84,1.31
"2,3,5,6,7,9,10,11,12,13,14,15,16;B","CBBCBBBCBBBBBBBB",3.9942846875,2.06204349129829,7.18663166666667,10.9161185985562,39.0479316666667,17.5190941754121,8.391875,0.381875,4.96,1.35
"2,3,5,6,8,9,10,11,12,13,14,15,16;B","CBBCBBCBBBBBBBBB",3.9914621875,2.13109968585607,7.27879166666667,11.0030187140121,39.15287,17.4331085113388,8.394375,0.3825,5.14,1.41
"2,3,5,7,8,9,10,11,12,13,14,15,16;B","CBBCBCBBBBBBBBBB",4.01246510416667,2.22380786122575,7.36929333333333,11.1005918547475,39.25889,17.3297000017729,8.463125,0.3975,5.27,1.45
"2,3,6,7,8,9,10,11,12,13,14,15,16;B","CBBCCBBBBBBBBBBB",4.0672671875,2.33271910734421,7.4703,11.2102892876605,39.3699416666667,17.2152616897879,8.628125,0.41375,5.38,1.51
"2,4,5,6,7,8,9,10,11,12,13,14,15;B","CBCBBBBBBBBBBBBC",4.6047078125,2.53003577160985,5.71165166666667,10.3924123250706,36.4406233333333,16.9794475917196,10.16375,0.5625,4.2,1.23
"2,4,5,6,7,8,9,10,11,12,13,14,16;B","CBCBBBBBBBBBBBCB",4.4711615625,2.41297638786881,6.13238833333333,10.3825967673305,37.6644516666667,17.4141179999611,9.8425,0.53625,4.25,1.23
"2,4,5,6,7,8,9,10,11,12,13,15,16;B","CBCBBBBBBBBBBCBB",4.3650921875,2.31397489589833,6.41237,10.4517116955259,38.0749066666667,17.5253413526818,9.521875,0.508125,4.35,1.26
"2,4,5,6,7,8,9,10,11,12,14,15,16;B","CBCBBBBBBBBBCBBB",4.2803709375,2.23434474210922,6.61526,10.5483118785622,38.3550316666667,17.5676342933633,9.285,0.480625,4.51,1.28
"2,4,5,6,7,8,9,10,11,13,14,15,16;B","CBCBBBBBBBBCBBBB",4.21390583333333,2.17686390939649,6.80592166666667,10.6546346815258,38.58909,17.5576592814981,9.056875,0.4625,4.64,1.3
"2,4,5,6,7,8,9,10,12,13,14,15,16;B","CBCBBBBBBBCBBBBB",4.1596875,2.14037948164382,6.94524,10.7410405353496,38.7604433333333,17.5448775474225,8.875,0.440625,4.73,1.33
"2,4,5,6,7,8,9,11,12,13,14,15,16;B","CBCBBBBBBCBBBBBB",4.1139015625,2.12371283280428,7.06414,10.8341027677941,38.9008766666667,17.5045451106362,8.72375,0.4325,4.86,1.37
"2,4,5,6,7,8,10,11,12,13,14,15,16;B","CBCBBBBBCBBBBBBB",4.07682375,2.12797535515173,7.16267833333333,10.9123736902369,39.0148216666667,17.4645927391946,8.624375,0.418125,4.93,1.41
"2,4,5,6,7,9,10,11,12,13,14,15,16;B","CBCBBBBCBBBBBBBB",4.05259114583333,2.15729172258479,7.26047333333333,11.00833540695,39.1283683333333,17.4002800190088,8.564375,0.42125,5.05,1.45
"2,4,5,6,8,9,10,11,12,13,14,15,16;B","CBCBBBCBBBBBBBBB",4.04363229166667,2.21513911134366,7.34883,11.0893347295206,39.2287783333333,17.3199339253867,8.54875,0.42375,5.23,1.5
"2,4,5,7,8,9,10,11,12,13,14,15,16;B","CBCBBCBBBBBBBBBB",4.05604729166667,2.29696718145825,7.43414833333333,11.1832382390777,39.329265,17.2245512308467,8.595,0.435,5.37,1.54
"2,4,6,7,8,9,10,11,12,13,14,15,16;B","CBCBCBBBBBBBBBBB",4.0926890625,2.39587282481748,7.52569166666667,11.2823122985007,39.42931,17.1248804608734,8.70875,0.443125,5.48,1.6
"2,5,6,7,8,9,10,11,12,13,14,15,16;B","CBCCBBBBBBBBBBBB",4.17149135416667,2.51010770344822,7.63026,11.3994103253526,39.5418866666667,16.9839292732624,8.98,0.474375,5.61,1.65
"3,4,5,6,7,8,9,10,11,12,13,14,15;B","CCBBBBBBBBBBBBBC",4.71289395833333,2.61356281600395,5.78623666666667,10.5005265798568,36.5285066666667,16.8435727164111,10.49875,0.6,4.23,1.27
"3,4,5,6,7,8,9,10,11,12,13,14,16;B","CCBBBBBBBBBBBBCB",4.57885489583333,2.50136200442171,6.20514166666667,10.4881122799347,37.74445,17.2878212420204,10.170625,0.575,4.28,1.27
"3,4,5,6,7,8,9,10,11,12,13,15,16;B","CCBBBBBBBBBBBCBB",4.47210614583333,2.40615519336761,6.484245,10.5549942727679,38.15273,17.4018132427426,9.850625,0.549375,4.38,1.3
"3,4,5,6,7,8,9,10,11,12,14,15,16;B","CCBBBBBBBBBBCBBB",4.38649364583333,2.32893722784141,6.685245,10.6487450045791,38.4302566666667,17.4471782928245,9.603125,0.51875,4.54,1.32
"3,4,5,6,7,8,9,10,11,13,14,15,16;B","CCBBBBBBBBBCBBBB",4.319269375,2.2723866410822,6.87536666666667,10.7529125610263,38.6639233333333,17.4366874610523,9.375625,0.499375,4.67,1.34
"3,4,5,6,7,8,9,10,12,13,14,15,16;B","CCBBBBBBBBCBBBBB",4.26388583333333,2.23527388976352,7.01321,10.8360388735805,38.83361,17.4260545462835,9.19125,0.475,4.75,1.37
"3,4,5,6,7,8,9,11,12,13,14,15,16;B","CCBBBBBBBCBBBBBB",4.216353125,2.21619259807043,7.13090833333333,10.9280759101559,38.9729733333333,17.3870158100824,9.038125,0.466875,4.88,1.41
"3,4,5,6,7,8,10,11,12,13,14,15,16;B","CCBBBBBBCBBBBBBB",4.17791135416667,2.21649049268017,7.22857166666667,11.0028865624244,39.0861333333333,17.3479287845034,8.931875,0.45,4.95,1.45
"3,4,5,6,7,9,10,11,12,13,14,15,16;B","CCBBBBBCBBBBBBBB",4.15172989583333,2.24000088316521,7.32680833333333,11.0991378661418,39.1997966666667,17.28233915318,8.861875,0.4525,5.08,1.49
"3,4,5,6,8,9,10,11,12,13,14,15,16;B","CCBBBBCBBBBBBBBB",4.13783020833333,2.28892629581789,7.41248166666667,11.1769276560771,39.29746,17.2056647223597,8.8375,0.451875,5.26,1.52
"3,4,5,7,8,9,10,11,12,13,14,15,16;B","CCBBBCBBBBBBBBBB",4.14306427083333,2.36082127412977,7.49473,11.2688260348829,39.394105,17.1161259459592,8.85875,0.46125,5.4,1.56
"3,4,6,7,8,9,10,11,12,13,14,15,16;B","CCBBCBBBBBBBBBBB",4.169158125,2.45207929586382,7.58394333333333,11.3630883588067,39.4913483333333,17.0204325320389,8.948125,0.46875,5.51,1.62
"3,5,6,7,8,9,10,11,12,13,14,15,16;B","CCBCBBBBBBBBBBBB",4.23005104166667,2.56176876852418,7.68160333333333,11.4725353742707,39.596985,16.8897015737576,9.18,0.496875,5.66,1.68
"4,5,6,7,8,9,10,11,12,13,14,15,16;B","CCCBBBBBBBBBBBBB",4.32431875,2.65702808108703,7.76209333333333,11.5479806581697,39.6851483333333,16.7642133064751,9.4975,0.52,5.74,1.69
